time,cab_time,direction,direction_num,scenario_id,risk_percent,entry_price,stop_price,target_price,runner_target_price,result_r,broker_spread_points,spread_cost_r,outcome,target,relative_spread,relative_volume,close_location,body_ratio,upper_wick_ratio,lower_wick_ratio,cab_range,cab_relative_volume,entry_to_stop_distance,risk_reward_distance,bars_after_cab,had_opposite_sweep,breakout_strength,return_3,return_6,return_12,volatility_12,volatility_48,hour,day_of_week,london_session,newyork_session
2024-08-01 08:45:00,2024-08-01 08:40:00,SELL,-1,2,1.0,2444.51,2446.64,2442.3800000000006,2435.9900000000016,-1.0,33.0,0.15492957746481387,FULL_LOSS,0,1.6142857142855715,1.4560621859891931,0.05752212389385962,0.8938053097345987,0.04867256637154163,0.05752212389385962,2.0,1.7365388436320286,2.1299999999996544,2.1299999999996544,1,1,0.01999999999998181,-0.0007807326624209576,-0.000801154316218744,-0.0004538726376132063,0.00038765002137849486,0.0005438713536103137,8,3,1,0
2024-08-01 11:25:00,2024-08-01 08:50:00,SELL,-1,3,1.0,2436.59,2448.75,2424.4300000000003,2387.9500000000007,0.0,33.0,0.02713815789473717,EXPIRED_BEFORE_TARGET,0,2.1456692913387,0.9204470742932281,0.09862385321107305,0.6330275229357071,0.26834862385321984,0.09862385321107305,2.5,1.575834773905923,12.159999999999854,12.159999999999854,31,0,3.063999999999942,-0.0015571281639409351,-0.001487570792797266,-0.002660565104028123,0.00036454080792209864,0.0004753384711020242,11,3,1,0
2024-08-07 10:00:00,2024-08-07 08:40:00,SELL,-1,3,1.0,2392.12,2397.5,2386.74,2370.5999999999995,0.0,33.0,0.06133828996282404,EXPIRED_BEFORE_TARGET,0,1.4189837008629351,1.0333935018050542,0.08783783783775687,0.8445945945945842,0.06756756756765891,0.08783783783775687,1.5099999999997635,1.7075987373931787,5.380000000000109,5.380000000000109,16,0,0.09271523178831083,-0.0008270331230942896,-0.0017526874540964021,0.0009833582311267186,0.0006877575003484717,0.0004798432216250961,10,2,1,0
2024-08-08 03:20:00,2024-08-08 02:30:00,BUY,1,3,1.0,2386.19,2383.17,2389.21,2398.27,0.7,33.0,0.10927152317880862,PARTIAL_WIN_BREAKEVEN,1,2.1238938053096237,1.0977157360406091,0.8657407407407486,0.8518518518519766,0.13425925925925147,0.013888888888771928,1.3299999999999272,2.2833614074489987,3.019999999999982,3.019999999999982,10,1,0.5413533834588677,0.0008892356348597641,0.0006038368801761784,0.00045700389920755313,0.0002021455280868404,0.00032052210087311445,3,3,0,0
2024-08-08 03:45:00,2024-08-08 03:30:00,SELL,-1,2,1.0,2384.77,2388.72,2380.82,2368.9700000000007,-1.0,33.0,0.0835443037974722,FULL_LOSS,0,1.8794774546987436,1.2608621570966094,0.017937219730925245,0.695067264574067,0.2869955156950078,0.017937219730925245,1.4899999999997817,1.52186703275152,3.949999999999818,3.949999999999818,3,1,1.0805369127519215,-0.0010472213029946165,0.0002726372833583568,3.354733738980542e-05,0.0003725523940240227,0.00035384550699205726,3,3,0,0
2024-08-08 04:30:00,2024-08-08 04:00:00,SELL,-1,3,1.0,2385.24,2391.28,2379.1999999999994,2361.079999999998,-1.0,33.0,0.05463576158940019,FULL_LOSS,0,2.297412567529178,1.3413342746205437,0.024752475247502462,0.6856435643565498,0.28960396039594766,0.024752475247502462,3.6700000000000728,2.0050049290968377,6.040000000000418,6.040000000000418,6,0,0.05994550408726166,-0.001042831475920769,-0.0012770643431074813,-0.0008503436980317192,0.0006063649578435317,0.00039130968572406114,4,3,0,0
2024-08-09 10:15:00,2024-08-09 08:30:00,BUY,1,3,1.0,2422.69,2416.78,2428.6,2446.3299999999995,0.0,33.0,0.055837563451778024,EXPIRED_BEFORE_TARGET,0,1.2764632627647323,0.8870060236976236,0.9073170731707133,0.7756097560975631,0.0926829268292867,0.13170731707315017,1.9800000000000182,2.024359512809744,5.9099999999998545,5.9099999999998545,21,0,0.06060606060600493,0.000669125634533474,0.0006567262814423103,0.0017241949622082142,0.00031620719566051686,0.0003439682446644891,10,4,1,0
2024-08-13 08:50:00,2024-08-13 08:35:00,BUY,1,3,1.0,2463.57,2459.28,2467.86,2480.73,-1.0,33.0,0.07692307692307758,FULL_LOSS,0,1.211118464592963,1.1772327626099028,0.9836065573771877,0.9562841530055025,0.016393442622812313,0.027322404371685184,2.4200000000000728,1.692705638903259,4.289999999999964,4.289999999999964,3,0,0.3925619834711753,0.0013535264852211348,0.0015896506021157997,0.0011297185050329617,0.00048231872297915964,0.0004293847677636839,8,1,1,0
2024-08-14 08:55:00,2024-08-14 08:30:00,BUY,1,3,1.0,2461.93,2459.16,2464.7,2473.0099999999998,1.9,33.0,0.11913357400722101,FULL_TARGET,1,2.9179331306985015,1.5031170630339412,0.8124999999999901,0.7743055555556548,0.18750000000000988,0.03819444444433534,1.550000000000182,2.312106368089573,2.769999999999982,2.769999999999982,5,1,0.25806451612876724,0.0005445848353442528,0.0002844106402082325,5.6869188679753435e-05,0.00011637507023429002,0.0004363788573028964,8,2,1,0
2024-08-14 10:10:00,2024-08-14 09:05:00,BUY,1,2,1.0,2469.67,2460.27,2479.07,2507.2700000000004,0.0,33.0,0.035106382978723066,EXPIRED_BEFORE_TARGET,0,1.5962753574992203,0.95538471647283,0.9083333333334201,0.8916666666665798,0.09166666666657983,0.016666666666840354,1.550000000000182,1.7105970952124798,9.400000000000091,9.400000000000091,13,1,4.619354838709041,0.0009524504320477245,0.0016832148998995322,0.003274279841242178,0.00033040917692282794,0.00031570509063254406,10,2,1,0
2024-08-15 09:10:00,2024-08-15 08:30:00,BUY,1,2,1.0,2457.4,2450.26,2464.54,2485.9599999999996,0.0,33.0,0.04621848739495881,EXPIRED_BEFORE_TARGET,0,2.5685785536160384,1.5494505494505495,0.8737864077670374,0.8511326860841376,0.12621359223296255,0.02265372168289981,1.949999999999818,2.354727398205659,7.139999999999873,7.139999999999873,8,1,2.4307692307695787,0.0014793562558839124,0.0021123716469160225,0.002006132567849761,0.000256866580915939,0.00026583294765763533,9,3,1,0
2024-08-15 09:30:00,2024-08-15 09:15:00,SELL,-1,2,1.0,2455.2,2458.67,2451.7299999999996,2441.319999999999,0.0,33.0,0.09510086455330714,EXPIRED_BEFORE_TARGET,0,1.6818774445892206,1.1168292495583378,0.03875968992244646,0.8410852713178814,0.12015503875967216,0.03875968992244646,1.4099999999998545,1.6659413351901817,3.4700000000002547,3.4700000000002547,3,1,1.2978723404259367,-0.0010984987184182726,0.0006602597021494461,0.0014929391321372165,0.0004521996047284021,0.0003138351587855668,9,3,1,0
2024-08-16 10:25:00,2024-08-16 08:40:00,SELL,-1,3,1.0,2452.43,2457.71,2447.1499999999996,2431.309999999999,-1.0,33.0,0.062499999999997634,FULL_LOSS,0,1.6660023913909778,0.9468350601225138,0.009569377990421252,0.6746411483254598,0.3157894736841189,0.009569377990421252,1.699999999999818,2.282863849765258,5.2800000000002,5.2800000000002,21,0,0.805882352941466,-0.0005216590387617792,-0.000998012122792269,-0.0018924902730069748,0.0002171563223765097,0.0002598677904689749,10,4,1,0
2024-08-19 10:00:00,2024-08-19 08:40:00,BUY,1,2,1.0,2504.3,2499.58,2509.0200000000004,2523.180000000001,-1.0,33.0,0.06991525423728437,FULL_LOSS,0,1.2807606263981821,0.8581084951595348,1.0,1.0,0.0,0.0,1.2599999999997635,1.680550525172039,4.720000000000255,4.720000000000255,16,1,1.833333333333995,0.0003235483265362493,0.0002636161748494903,0.0013034577615713694,0.000560050609377747,0.0004311354169339782,10,0,1,0
2024-08-19 16:30:00,2024-08-19 16:00:00,BUY,1,2,1.0,2493.17,2488.13,2498.21,2513.33,-1.0,33.0,0.06547619047619095,FULL_LOSS,0,1.86815746564158,1.4457035977555286,0.9650872817955409,0.8054862842893289,0.034912718204459084,0.15960099750621207,3.2400000000002365,1.7951520606956857,5.039999999999964,5.039999999999964,6,1,0.35185185185178686,0.0007385613306949423,0.0015787951342580708,0.0005016212398472053,0.0005207753616064561,0.00048270828602417037,16,0,0,1
2024-08-20 10:10:00,2024-08-20 09:05:00,BUY,1,3,1.0,2504.24,2497.23,2511.2499999999995,2532.279999999999,0.7,33.0,0.047075606276749095,PARTIAL_WIN_OPEN_AT_HORIZON,1,1.7116060961313266,0.8261178140525195,0.9931506849313575,0.9383561643834635,0.006849315068642486,0.05479452054789401,2.0599999999999454,1.312837557125052,7.0099999999997635,7.0099999999997635,13,0,1.8737864077668809,0.0007392932356666826,0.00028359955742485177,0.0025060248680932595,0.0007442302469784616,0.00045513038394335355,10,1,1,0
2024-08-20 15:30:00,2024-08-20 15:20:00,SELL,-1,2,1.0,2524.96,2528.57,2521.35,2510.5199999999995,-1.0,34.0,0.09418282548476123,FULL_LOSS,0,1.2208465303771638,1.4959323908064135,0.06132075471703577,0.7547169811320714,0.1839622641508928,0.06132075471703577,2.069999999999709,1.6839952275438894,3.6100000000001273,3.6100000000001273,2,1,0.2850241545894824,-0.0004275466738451472,0.00028523436757210696,-0.00012671862130142486,0.00039668333768775655,0.00045085835435524767,15,1,1,1
2024-08-21 02:50:00,2024-08-21 02:25:00,SELL,-1,2,1.0,2513.83,2515.98,2511.68,2505.2299999999996,-1.0,5.0,0.02325581395348739,FULL_LOSS,0,1.2347451543433012,1.8729096989966554,0.24418604651163406,0.7325581395349021,0.023255813953463777,0.24418604651163406,0.8599999999996726,2.4505649717514126,2.150000000000091,2.150000000000091,5,1,1.418604651163627,-0.0005407146179812194,-0.0004890539390710602,-0.00041354026251849696,0.0001991783941348514,0.00021835622437948782,2,2,0,0
2024-08-21 08:50:00,2024-08-21 08:30:00,SELL,-1,3,1.0,2515.48,2518.33,2512.63,2504.0800000000004,0.7,33.0,0.11578947368421423,PARTIAL_WIN_BREAKEVEN,1,1.5629139072847145,1.2953551589646612,0.06779661016943056,0.8192090395479282,0.11299435028264118,0.06779661016943056,1.2400000000002365,2.210056187869183,2.849999999999909,2.849999999999909,4,0,0.209677419354608,-0.000667418837102085,-0.0005999229238097259,-8.745080891991996e-05,0.00023607606863534266,0.0003870367431248325,8,2,1,0
2024-08-22 08:50:00,2024-08-22 08:30:00,BUY,1,2,1.0,2505.0,2501.06,2508.94,2520.76,0.7,33.0,0.08375634517766382,PARTIAL_WIN_BREAKEVEN,1,2.7487274409991045,1.5453527435610304,1.0,0.9797979797979968,0.0,0.02020202020200319,2.1399999999998727,2.1403967217009146,3.9400000000000546,3.9400000000000546,4,1,0.584112149532745,0.0009870011548311908,0.0006431279185425964,0.0014151735386533915,0.00020525029423260202,0.0003228346728418346,8,3,1,0
2024-08-22 12:00:00,2024-08-22 09:25:00,SELL,-1,1,0.5,2501.93,2510.48,2493.3799999999997,2467.729999999999,0.0,33.0,0.03859649122806936,EXPIRED_BEFORE_TARGET,0,1.3455657492353703,1.2655438375570598,0.022727272727150586,0.7181818181820512,0.25909090909079824,0.022727272727150586,3.380000000000109,1.4983333333333333,8.550000000000182,8.550000000000182,31,0,1.5295857988165402,-0.0006470811447745195,-0.00045544071879743964,-0.0014328362974552755,0.000336472088866154,0.0004582940504118279,12,3,1,0
2024-08-23 09:35:00,2024-08-23 09:00:00,BUY,1,1,0.5,2493.19,2490.52,2495.86,2503.8700000000003,0.7,33.0,0.12359550561797417,PARTIAL_WIN_OPEN_AT_HORIZON,1,1.352765321375158,1.1234420351715895,0.9447513812155182,0.8176795580110844,0.055248618784481805,0.12707182320443378,1.3800000000001091,1.4563571907636292,2.6700000000000728,2.6700000000000728,7,0,0.9347826086955519,-0.00015239195210081657,0.000622080236310385,-0.0004610438031704689,0.00044896603590561103,0.0003329203357065191,9,4,1,0
2024-08-26 09:15:00,2024-08-26 08:45:00,BUY,1,2,1.0,2511.4,2509.72,2513.0800000000004,2518.1200000000013,1.9,33.0,0.1964285714285374,FULL_TARGET,1,1.8622174381054255,1.1419006881160498,0.9710982658961118,0.8150289017342742,0.028901734103888223,0.15606936416183756,1.0799999999999272,1.6414275124430797,1.680000000000291,1.680000000000291,6,1,0.5277777777779649,0.0003943578937306569,0.0005537826542523216,0.00029474321493161426,0.00017167846523852943,0.00021533492143270178,9,0,1,0
2024-08-29 18:05:00,2024-08-29 15:30:00,BUY,1,3,1.0,2524.5,2503.55,2545.45,2608.2999999999993,0.0,33.0,0.01575178997613379,EXPIRED_BEFORE_TARGET,0,1.4144322476155917,0.8510119483052915,0.7557251908396753,0.7531806615776487,0.24427480916032476,0.00254452926202645,10.820000000000164,2.667404537908135,20.949999999999818,20.949999999999818,31,0,0.4639556377079395,0.0010825729547103702,0.001722112881721749,0.002131688320967884,0.0006690900520301922,0.0007028847041913283,18,3,0,1
2024-08-30 11:20:00,2024-08-30 08:40:00,BUY,1,3,1.0,2525.06,2512.42,2537.7,2575.6199999999994,0.0,33.0,0.026107594936709125,EXPIRED_BEFORE_TARGET,0,1.3337449830196466,0.9739368998628257,0.7638888888888217,0.6481481481480975,0.23611111111117836,0.11574074074072417,1.7699999999999818,2.2439024390243905,12.639999999999873,12.639999999999873,32,0,5.53107344632772,0.0012133227597144192,0.0019522724927980573,0.0023181778486993654,0.00037293686191944877,0.00040380174231066093,11,4,1,0
2024-08-30 15:05:00,2024-08-30 13:40:00,BUY,1,3,1.0,2520.61,2514.89,2526.3300000000004,2543.490000000001,-1.0,33.0,0.05769230769230513,FULL_LOSS,0,1.6239580117320898,1.5458530006743088,0.9391634980989172,0.718631178707319,0.06083650190108283,0.22053231939159817,2.5599999999999454,1.8508064516129032,5.720000000000255,5.720000000000255,17,0,0.4960937500000035,0.0002698487656405124,-6.347266906536753e-05,0.0006590047440402369,0.0003213443679225604,0.0004226823521163574,15,4,1,1
2024-09-02 03:40:00,2024-09-02 02:40:00,BUY,1,2,1.0,2504.85,2501.96,2507.74,2516.4099999999994,-1.0,33.0,0.1141868512110777,FULL_LOSS,0,1.6456536164568818,1.1386030216772498,0.9919354838707932,0.951612903225493,0.008064516129206752,0.040322580645300296,1.349999999999909,2.380038387715931,2.8899999999998727,2.8899999999998727,12,1,1.1259259259259884,0.000839077015283074,0.0007431112389582051,0.0008190826274572238,0.00014730717628109186,0.00018264534021159004,3,0,0,0
2024-09-02 11:00:00,2024-09-02 08:25:00,BUY,1,3,1.0,2500.18,2495.2,2505.16,2520.1,0.7,6.0,0.012048192771084293,PARTIAL_WIN_BREAKEVEN,1,1.9986936642717783,0.9044159660435883,0.7450980392156163,0.6764705882352111,0.25490196078438365,0.06862745098040526,2.0299999999997453,1.8603204230829056,4.980000000000018,4.980000000000018,31,0,1.1083743842365923,0.0008085951260128343,0.0008366391923428917,0.0011211749913908609,0.00018355537609537602,0.00037046430302436036,11,0,1,0
2024-09-03 09:15:00,2024-09-03 08:35:00,BUY,1,3,1.0,2496.28,2492.71,2499.8500000000004,2510.560000000001,0.7,33.0,0.09243697478991174,PARTIAL_WIN_OPEN_AT_HORIZON,1,1.3899613899613268,1.3357865685372585,0.919753086419961,0.913580246913653,0.08024691358003898,0.006172839506307995,1.569999999999709,2.1645021645021645,3.5700000000001637,3.5700000000001637,8,1,0.7006369426755208,0.0011831566619742162,0.0006333426864955083,0.0005651597077203085,0.0003525333525302039,0.00026336725966560876,9,1,1,0
2024-09-03 15:05:00,2024-09-03 14:45:00,BUY,1,2,1.0,2493.79,2484.67,2502.91,2530.2699999999995,-1.0,33.0,0.03618421052631622,FULL_LOSS,0,2.545968882602494,1.4449499545040947,0.9682539682539958,0.8730158730159108,0.031746031746004245,0.09523809523808492,6.239999999999782,1.7253025612158739,9.11999999999989,9.11999999999989,4,1,0.26442307692310074,0.0031577592379541386,-0.0004609329282467822,-0.002172677875497131,0.0009500770353762353,0.0005650791320917838,15,1,1,1
2024-09-04 16:50:00,2024-09-04 16:00:00,SELL,-1,3,1.0,2482.12,2489.95,2474.29,2450.8,-1.0,33.0,0.04214559386973219,FULL_LOSS,0,1.3813576093410862,1.2873907615480649,0.04297994269343289,0.7793696275071835,0.1776504297993836,0.04297994269343289,3.149999999999636,1.7080885675553548,7.829999999999927,7.829999999999927,10,1,0.9365079365081312,-0.0023994308887541616,-0.001974242369412682,-0.0017695413670512083,0.0005917145765984324,0.00048474944809574544,16,2,0,1
2024-09-05 18:05:00,2024-09-05 15:15:00,SELL,-1,3,1.0,2505.48,2523.31,2487.65,2434.1600000000003,0.0,33.0,0.018508132361189082,EXPIRED_BEFORE_TARGET,0,1.229245557821084,0.8853410740203194,0.17298578199053383,0.7345971563981175,0.09241706161134862,0.17298578199053383,5.329999999999927,2.397466349960412,17.829999999999927,17.829999999999927,34,0,1.5140712945591508,-0.0023294429644848957,-0.004034774589267931,-0.0017490945746193587,0.0010266413262605795,0.0007560144518507092,18,3,0,1
2024-09-06 08:50:00,2024-09-06 08:35:00,SELL,-1,3,1.0,2519.81,2521.7,2517.92,2512.2500000000005,0.7,33.0,0.17460317460318636,PARTIAL_WIN_BREAKEVEN,1,1.795629060838792,1.077277690161349,0.0,0.9802631578949041,0.019736842105095857,0.0,0.900000000000091,2.104091288616755,1.8899999999998727,1.8899999999998727,3,0,0.08888888888879906,-6.746085286390979e-05,-0.00011904242275151411,0.0005439875478470135,0.00021180366462929625,0.0001813625980730202,8,4,1,0
2024-09-12 11:30:00,2024-09-12 08:35:00,SELL,-1,3,1.0,2517.66,2522.15,2513.1699999999996,2499.699999999999,0.7,33.0,0.07349665924275782,PARTIAL_WIN_OPEN_AT_HORIZON,1,1.5062761506273237,1.0036213140196586,0.17777777777764303,0.7222222222224327,0.0999999999999242,0.17777777777764303,1.2000000000002728,2.1832082684411724,4.4900000000002365,4.4900000000002365,35,1,0.12500000000004738,0.00026619096619384663,0.0006597774244831989,0.0003456784237063637,0.0002824995776313292,0.00025468966551960676,11,3,1,0
2024-09-12 14:35:00,2024-09-12 13:45:00,BUY,1,3,1.0,2517.86,2512.9,2522.82,2537.7000000000003,1.9,33.0,0.06653225806451564,FULL_TARGET,1,1.3362381989833825,1.0393549932146564,0.9239130434783361,0.8858695652173806,0.07608695652166392,0.03804347826095553,2.2400000000002365,1.6604322527015793,4.960000000000036,4.960000000000036,10,0,0.4374999999999619,0.0006040519166725655,0.0011331962894778336,0.00013505354475840115,0.0003496499084771842,0.0003275178304079087,14,3,1,1
2024-09-13 09:25:00,2024-09-13 09:10:00,BUY,1,2,1.0,2567.56,2563.55,2571.5699999999997,2583.599999999999,0.7,33.0,0.08229426433915697,PARTIAL_WIN_OPEN_AT_HORIZON,1,3.11533052039369,1.4150372908687765,0.9051918735891449,0.6884875846500768,0.09480812641085515,0.21670428893906815,3.0299999999997453,1.630648330058939,4.0099999999997635,4.0099999999997635,3,1,0.297029702970352,0.001372833497137238,0.0004169118134105254,-0.0008677751878558571,0.0004418374603780482,0.0003069013116311589,9,4,1,0
2024-09-16 03:05:00,2024-09-16 01:00:00,BUY,1,3,1.0,2580.77,2577.6,2583.94,2593.4500000000003,0.7,5.0,0.015772870662460206,PARTIAL_WIN_OPEN_AT_HORIZON,1,1.5833801235259504,1.2811387900355873,0.9432624113475635,0.9361702127661702,0.05673758865243652,0.007092198581393308,2.1900000000000546,2.0836390315480555,3.1700000000000728,3.1700000000000728,25,0,0.018264840182631335,0.0006203546102039326,0.0006203546102039326,0.0002751873987427711,0.00019705924580486574,0.00024384165214687598,3,0,0,0
2024-09-17 12:00:00,2024-09-17 09:00:00,SELL,-1,3,1.0,2577.45,2586.82,2568.0799999999995,2539.9699999999984,0.0,33.0,0.0352187833511193,EXPIRED_BEFORE_TARGET,0,1.7610474631752004,1.3051066089991652,0.03717472118955652,0.9628252788104434,0.0,0.03717472118955652,2.0,2.1258775711294495,9.370000000000346,9.370000000000346,36,1,0.9100000000000819,-0.00045373106545365527,-0.0018124571574631432,-0.0018743053646183006,0.00042428572821442544,0.00033647753781993904,12,1,1,0
2024-09-18 10:50:00,2024-09-18 08:30:00,BUY,1,2,1.0,2571.09,2565.72,2576.4600000000005,2592.5700000000015,0.7,33.0,0.061452513966476496,PARTIAL_WIN_OPEN_AT_HORIZON,1,1.2770897832817745,1.0384468976018273,0.8787878787879957,0.8121212121212555,0.1212121212120043,0.06666666666674016,1.5599999999999454,2.4115148655025953,5.370000000000346,5.370000000000346,28,1,2.3910256410257364,0.0005993267303612271,0.00048641160539175665,0.0008641932055730717,0.00021242324344500845,0.00026332654045436456,10,2,1,0
2024-09-18 15:30:00,2024-09-18 13:30:00,SELL,-1,3,1.0,2574.69,2580.62,2568.76,2550.9700000000007,0.7,33.0,0.05564924114671317,PARTIAL_WIN_BREAKEVEN,1,1.6708678429957757,1.264186894209262,0.38362068965516566,0.6034482758621839,0.012931034482650476,0.38362068965516566,2.299999999999727,1.5832018927444795,5.929999999999836,5.929999999999836,24,0,0.16521739130441487,-0.0006132897561202943,-0.001435004014132768,-0.0010940791694310503,0.00035786768461884685,0.0003331034744464905,15,2,1,1
2024-09-25 11:30:00,2024-09-25 08:45:00,BUY,1,3,1.0,2657.22,2651.47,2662.97,2680.22,0.0,33.0,0.05739130434782609,EXPIRED_BEFORE_TARGET,0,1.6074450084601428,0.7147448258130865,0.8561403508770798,0.6982456140350334,0.1438596491229201,0.15789473684204647,1.5099999999997635,1.7935917218843604,5.75,5.75,33,1,0.284768211920466,0.0006213355324844461,-0.00013922388329290492,0.0010887870008626788,0.00038553391613584245,0.00045336234089614764,11,2,1,0
2024-09-27 17:45:00,2024-09-27 15:30:00,SELL,-1,3,1.0,2653.95,2674.2,2633.7,2572.95,0.0,33.0,0.0162962962962963,EXPIRED_BEFORE_TARGET,0,2.334394904458586,1.0742314612763677,0.05184174624824804,0.748976807639876,0.19918144611187596,0.05184174624824804,6.789999999999964,2.1305938643399944,20.25,20.25,27,1,1.4138438880707533,-0.002570665103221237,-0.0030839618956035597,-0.004116446272308449,0.0004609796868002492,0.0005868787131747121,17,4,0,1
2024-09-30 09:15:00,2024-09-30 08:30:00,SELL,-1,3,1.0,2655.74,2659.23,2652.2499999999995,2641.779999999999,-1.0,33.0,0.09455587392549503,FULL_LOSS,0,1.7492917847026872,1.574167507568113,0.0,0.7570850202429769,0.24291497975702314,0.0,1.650000000000091,2.753376163629212,3.4900000000002365,3.4900000000002365,9,0,0.2909090909090859,-0.0009705377832617268,-0.0009930860147910892,1.1296414141437339e-05,0.0003088105113526572,0.00028820490231607854,9,0,1,0
2024-09-30 10:45:00,2024-09-30 09:20:00,SELL,-1,3,1.0,2653.15,2660.51,2645.79,2623.7099999999996,0.7,33.0,0.04483695652173836,PARTIAL_WIN_OPEN_AT_HORIZON,1,1.6826923076922722,0.9932734016470736,0.003174603174672378,0.9968253968253277,0.0,0.003174603174672378,1.7100000000000364,1.8982074263764406,7.360000000000127,7.360000000000127,17,0,1.4385964912280609,-0.0015354335153524579,-0.0019823805117324955,-0.0015767647346595082,0.0003914978517976569,0.00035619127438385624,10,0,1,0
2024-10-01 03:35:00,2024-10-01 03:00:00,SELL,-1,3,1.0,2634.49,2636.6,2632.3799999999997,2626.0499999999993,-1.0,33.0,0.1563981042653934,FULL_LOSS,0,2.0907840440166825,1.310119695321001,0.039473684210490884,0.8157894736843758,0.14473684210513324,0.039473684210490884,0.8400000000001455,2.7218543046357615,2.1100000000001273,2.1100000000001273,7,0,0.8452380952379921,-0.0005235463053944178,-0.0006979399392337271,-0.0003908147158815378,0.00016710914562068224,0.00023376274473165478,3,1,0,0
2024-10-02 04:50:00,2024-10-02 03:00:00,BUY,1,3,1.0,2661.69,2656.2,2667.1800000000003,2683.650000000001,-1.0,33.0,0.060109289617483755,FULL_LOSS,0,1.469130238846012,1.0824081981212639,0.877300613497018,0.6932515337425452,0.1226993865029819,0.18404907975447285,1.4699999999998,4.070796460176991,5.4900000000002365,5.4900000000002365,22,1,0.7687074829933761,0.0009024965310289179,0.0010982521993252448,0.001501298114911398,0.00021611355960577723,0.00020420132472702835,4,2,0,0
2024-10-02 15:30:00,2024-10-02 15:15:00,BUY,1,3,1.0,2651.24,2643.68,2658.7999999999997,2681.4799999999996,0.7,33.0,0.04365079365079397,PARTIAL_WIN_BREAKEVEN,1,3.406091370558386,1.8109355334918193,0.9388971684053193,0.8777943368107065,0.06110283159468063,0.061102831594612855,4.869999999999891,2.188703465982028,7.559999999999945,7.559999999999945,3,0,0.0718685831622006,0.0011895366094052395,0.000709605338647723,0.00013203112916793103,0.0005429874642129725,0.00043005107451285626,15,2,1,1
2024-10-02 17:20:00,2024-10-02 16:30:00,SELL,-1,3,1.0,2656.19,2663.26,2649.12,2627.9099999999994,0.7,36.0,0.050919377652049735,PARTIAL_WIN_OPEN_AT_HORIZON,1,1.3272948963596412,1.1113044991732661,0.05249343832027607,0.6535433070864882,0.2939632545932357,0.05249343832027607,2.7399999999997817,1.419609063099497,7.070000000000164,7.070000000000164,10,1,0.23722627737231486,-0.0014811306214358444,-0.0012483502600103558,0.00038415619338882934,0.0007068858266785629,0.0006595787895811879,17,2,0,1
2024-10-03 09:20:00,2024-10-03 08:30:00,BUY,1,2,1.0,2656.63,2651.6,2661.6600000000003,2676.750000000001,-1.0,33.0,0.06560636182902324,FULL_LOSS,0,1.489787745294603,1.0793388429752067,0.9301075268816665,0.7150537634407721,0.06989247311833346,0.21505376344089439,0.8099999999999454,1.5863453815261044,5.0300000000002,5.0300000000002,10,1,4.5802469135806,0.0014324325343124666,0.0011116638027193204,0.001417332926227255,0.00029990548133761077,0.00026566229066461066,9,3,1,0
2024-10-03 10:00:00,2024-10-03 09:35:00,SELL,-1,3,1.0,2654.11,2657.4,2650.82,2640.9500000000003,1.9,33.0,0.10030395136778227,FULL_TARGET,1,1.5707964601771307,1.1835592855605768,0.05164319248832004,0.7887323943660799,0.15962441314560005,0.05164319248832004,1.5900000000001455,1.398677557370673,3.2899999999999636,3.2899999999999636,5,0,0.34591194968533134,-0.0008094087175201103,-0.0004443959040254519,0.0006824265731628643,0.0003460696324923668,0.0002769204020502836,10,3,1,0
2024-10-03 16:10:00,2024-10-03 15:50:00,BUY,1,3,1.0,2645.86,2641.52,2650.2000000000003,2663.2200000000007,0.7,33.0,0.07603686635944445,PARTIAL_WIN_BREAKEVEN,1,1.213743864346168,0.9572104703950546,0.9117647058824268,0.8897058823530334,0.0882352941175733,0.022058823529393326,2.099999999999909,1.4797906691905132,4.3400000000001455,4.3400000000001455,4,0,0.25238095238105857,0.0013359421419731898,-7.5589217953808685e-06,-0.0007024911999756744,0.00047157444153765805,0.00038188934436436,16,3,0,1
2024-10-04 09:25:00,2024-10-04 08:30:00,SELL,-1,3,1.0,2664.34,2667.77,2660.9100000000003,2650.620000000001,0.7,33.0,0.09620991253644774,PARTIAL_WIN_OPEN_AT_HORIZON,1,1.7013888888886826,1.293829265693275,0.19727891156462796,0.802721088435372,0.0,0.19727891156462796,0.7999999999997272,1.7546800782341436,3.4299999999998363,3.4299999999998363,11,0,2.8625000000009306,-0.0007800721566744162,-0.0011209711584242443,-0.0008849889376381093,0.0001643741364343497,0.00026647548128313575,9,4,1,0
2024-10-04 17:50:00,2024-10-04 15:10:00,BUY,1,3,1.0,2658.8,2631.91,2685.6900000000005,2766.3600000000015,0.0,5.0,0.0018594272963926885,EXPIRED_BEFORE_TARGET,0,1.3314483999486686,0.9402099497946144,0.9440154440154542,0.8629343629343637,0.05598455598454582,0.08108108108109058,0.9600000000000364,1.478116537083952,26.890000000000327,26.890000000000327,32,1,1.7395833333333433,0.003070933276995369,0.003763925959763492,0.001431261770244996,0.0009983091212125944,0.0011793234498538707,17,4,0,1
2024-10-07 03:45:00,2024-10-07 01:00:00,SELL,-1,1,0.5,2648.18,2652.85,2643.5099999999998,2629.4999999999995,0.0,14.0,0.029978586723768273,EXPIRED_BEFORE_TARGET,0,1.4626218851570312,1.405512788676434,0.29629629629604676,0.7037037037039532,0.0,0.29629629629604676,3.2899999999999636,3.321167883211679,4.670000000000073,4.670000000000073,33,0,0.4194528875380317,-0.000679250409437171,-0.0007395835691699215,-0.0008074496664555175,0.0002541004693248102,0.0002672862519655142,3,0,0,0
2024-10-08 03:40:00,2024-10-08 02:05:00,BUY,1,3,1.0,2644.8,2642.35,2647.2500000000005,2654.6000000000013,-1.0,13.0,0.05306122448979001,FULL_LOSS,0,1.2824589295177373,1.021035216260931,0.7355371900828931,0.6446280991736997,0.2644628099171069,0.09090909090919341,1.3200000000001637,1.973628243300723,2.450000000000273,2.450000000000273,19,0,0.5227272727272493,0.0007719202651772505,0.0005485463521668343,0.0008514503036838317,0.000237875682503543,0.00022806585047423914,3,1,0,0
2024-10-08 04:50:00,2024-10-08 04:00:00,BUY,1,3,1.0,2644.91,2637.92,2651.8999999999996,2672.869999999999,-1.0,13.0,0.018597997138770254,FULL_LOSS,0,1.6633996079531166,1.2445501387237417,0.8552188552187696,0.8552188552187696,0.14478114478123036,0.0,3.949999999999818,2.50780901383311,6.989999999999782,6.989999999999782,10,1,0.3012658227848378,0.0017156621395404414,0.001154489639874745,0.0006923740484585661,0.0006134579847256437,0.0003670551730303418,4,1,0,0
2024-10-09 08:40:00,2024-10-09 08:30:00,SELL,-1,2,1.0,2620.97,2624.34,2617.5999999999995,2607.4899999999984,0.7,7.0,0.0207715133531136,PARTIAL_WIN_OPEN_AT_HORIZON,1,2.1469859620151817,1.786124952088923,0.01538461538459924,0.9307692307691285,0.05384615384627224,0.01538461538459924,2.2800000000002,2.1290185224611453,3.3700000000003456,3.3700000000003456,2,1,0.3421052631579525,-0.0003051373690293735,8.776147195077577e-05,0.0015629299012562825,0.00044295588802575566,0.0003877302476633292,8,2,1,0
2024-10-10 03:35:00,2024-10-10 03:00:00,BUY,1,2,1.0,2609.73,2605.89,2613.57,2625.0900000000006,0.7,12.0,0.031249999999998813,PARTIAL_WIN_OPEN_AT_HORIZON,1,1.2125162972619428,1.5112994350282487,0.9784946236559298,0.9247311827959986,0.021505376344070248,0.053763440859931136,2.0599999999999454,3.6893203883495147,3.8400000000001455,3.8400000000001455,7,1,0.47572815533982726,0.0006364859838883241,0.001074060293141832,0.0004523585900211291,0.0002224141588827614,0.00015922164222115326,3,3,0,0
2024-10-10 03:45:00,2024-10-10 03:40:00,SELL,-1,2,1.0,2609.34,2610.16,2608.5200000000004,2606.0600000000013,-1.0,11.0,0.13414634146346224,FULL_LOSS,0,1.3190954773866235,1.3543307086614174,0.2190476190476933,0.6761904761906865,0.10476190476162016,0.2190476190476933,0.6200000000003456,1.6616616616616617,0.819999999999709,0.819999999999709,1,1,0.1774193548380827,0.0001188181048128456,0.000767065284926316,0.0003527039357158479,0.00022482772472642477,0.0001604076671864813,3,3,0,0
2024-10-10 09:40:00,2024-10-10 08:30:00,SELL,-1,3,1.0,2611.75,2616.35,2607.15,2593.3500000000004,-1.0,14.0,0.030434782608696257,FULL_LOSS,0,1.613924050632928,1.1242067089755214,0.13235294117646404,0.6813725490195576,0.1862745098039784,0.13235294117646404,1.8599999999996726,1.8093835472333262,4.599999999999909,4.599999999999909,14,1,0.5967741935485606,-0.0015482835079134727,-0.001284840790635955,-0.0012313716792161644,0.00033955913952079533,0.00030918571064170083,9,3,1,0
2024-10-11 10:15:00,2024-10-11 09:15:00,SELL,-1,2,1.0,2639.35,2647.12,2631.58,2608.27,0.0,13.0,0.01673101673101677,EXPIRED_BEFORE_TARGET,0,1.408280447264907,0.7274259233253756,0.021459227467694728,0.8154506437768886,0.16309012875541673,0.021459227467694728,1.6000000000003638,1.4851485148514851,7.769999999999982,7.769999999999982,12,1,3.21249999999919,-1.1366305723403691e-05,-5.6828944875908505e-05,-0.002494378200646241,0.0005341880263288062,0.0003331867557293842,10,4,1,0
2024-10-21 09:45:00,2024-10-21 08:30:00,BUY,1,3,1.0,2729.32,2723.53,2735.11,2752.48,0.7,13.0,0.022452504317789435,PARTIAL_WIN_OPEN_AT_HORIZON,1,1.496113989637287,0.9591655005724462,0.8831168831168882,0.7489177489177745,0.11688311688311177,0.13419913419911375,1.3099999999999454,2.0384047267355982,5.789999999999964,5.789999999999964,15,0,1.358778625954408,0.0007883630283407328,0.0011444501503925508,0.001008593214184783,0.00032261348951223535,0.0002916917422417952,9,0,1,0
2024-10-23 09:35:00,2024-10-23 08:30:00,SELL,-1,3,1.0,2748.77,2753.24,2744.3,2730.890000000001,-1.0,13.0,0.029082774049218305,FULL_LOSS,0,1.8976011457214301,1.2664981746700363,0.030188679245254528,0.8264150943396149,0.1433962264151306,0.030188679245254528,3.600000000000364,1.7188837527820577,4.4699999999998,4.4699999999998,13,0,0.10833333333328701,-0.001482100368708772,-0.0011265067027148579,-0.0007597624015762694,0.00033851574244156976,0.000299990989539938,9,2,1,0
2024-10-25 11:05:00,2024-10-25 08:30:00,SELL,-1,3,1.0,2724.69,2732.6,2716.78,2693.0500000000006,0.0,14.0,0.017699115044248113,EXPIRED_BEFORE_TARGET,0,1.3351224421333885,0.9815258778733605,0.030150753768820107,0.7939698492462817,0.1758793969848982,0.030150753768820107,1.9600000000000364,1.615915550142103,7.9099999999998545,7.9099999999998545,31,1,1.5051020408162057,-0.0007005061248440692,-0.0009679796724267886,-0.0018682755816381569,0.00022778630285255077,0.0003639941496507415,11,4,1,0
2024-10-28 01:00:00,2024-10-28 00:05:00,BUY,1,3,1.0,2736.53,2731.77,2741.2900000000004,2755.570000000001,-1.0,14.0,0.029411764705881006,FULL_LOSS,0,1.2211140841645123,1.0252128902988813,0.8207171314741917,0.8207171314741917,0.17928286852580835,0.0,2.3099999999999454,2.970249520153551,4.760000000000218,4.760000000000218,11,1,0.35930735930753316,0.0014858351601299002,0.00041310228851365594,0.0009729796954500713,0.0014977388403437787,0.0007887283441685543,1,0,0,0
2024-10-29 07:35:00,2024-10-29 07:30:00,SELL,-1,2,1.0,2751.8,2754.33,2749.2700000000004,2741.680000000001,0.7,14.0,0.05533596837945222,PARTIAL_WIN_BREAKEVEN,1,2.081513828238845,1.5731636784268361,0.11538461538474382,0.7587412587410914,0.1258741258741648,0.11538461538474382,2.0100000000002183,1.7655338829680274,2.5299999999997453,2.5299999999997453,1,1,0.09452736318387024,-0.0002216239586397828,-0.001491340428388277,-0.0005520607847979697,0.00044332877097397357,0.00043227335401012335,7,1,1,0
2024-10-29 08:45:00,2024-10-29 07:55:00,BUY,1,2,1.0,2755.97,2748.95,2762.99,2784.0499999999997,-1.0,14.0,0.019943019943019998,FULL_LOSS,0,1.564763836569279,1.1599443671766343,0.7999999999998653,0.7666666666664814,0.20000000000013474,0.03333333333338386,1.7000000000002728,1.583303346527528,7.019999999999982,7.019999999999982,10,1,2.6647058823523637,0.0008788654645819349,0.0015663272351962299,0.0011079145053252137,0.0003833183902179761,0.000402296148296527,8,1,1,0
2024-10-31 02:10:00,2024-10-31 02:00:00,BUY,1,2,1.0,2786.73,2784.71,2788.75,2794.81,0.7,14.0,0.06930693069306994,PARTIAL_WIN_BREAKEVEN,1,1.9302514193024005,1.4455782312925172,0.9747899159662196,0.9495798319328213,0.02521008403378043,0.025210084033398292,0.8800000000001091,2.4083769633507854,2.019999999999982,2.019999999999982,2,1,1.1818181818179938,0.0005026334402027377,3.229695977946534e-05,-0.00018656381738269,0.00013615446922791944,0.00022324650988815036,2,3,0,0
2024-10-31 08:10:00,2024-10-31 07:30:00,BUY,1,2,1.0,2785.49,2783.12,2787.8599999999997,2794.9699999999993,-1.0,14.0,0.059071729957808634,FULL_LOSS,0,1.3696498054472481,1.2346107161435753,0.7954545454544456,0.7499999999999354,0.20454545454555437,0.04545454545451022,2.1700000000000728,1.684873949579832,2.369999999999891,2.369999999999891,8,1,0.07834101382470614,0.00015439523744542605,0.0005136383554951163,0.0009738462975872331,0.00036267157873871267,0.0003167215183892098,8,3,1,0
2024-11-01 09:05:00,2024-11-01 07:30:00,SELL,-1,3,1.0,2751.1,2757.67,2744.5299999999997,2724.8199999999993,0.0,14.0,0.021308980213089274,EXPIRED_BEFORE_TARGET,0,1.3105229180118643,0.8924485125858124,0.0,0.7733990147783295,0.22660098522167046,0.0,1.1600000000003092,1.9791907514450866,6.570000000000164,6.570000000000164,19,0,0.6810344827584078,-0.00046505206403191224,-0.0004977347618684291,-0.0020531348394493554,0.0003600763466660549,0.00024024991607008545,9,4,1,0
2024-11-01 15:25:00,2024-11-01 14:35:00,SELL,-1,3,1.0,2753.59,2762.26,2744.92,2718.91,0.7,14.0,0.01614763552479802,PARTIAL_WIN_OPEN_AT_HORIZON,1,1.5126304643775497,1.0998181234620734,0.06000000000003638,0.7819999999999709,0.15799999999999273,0.06000000000003638,4.109999999999673,1.4695812483539636,8.670000000000073,8.670000000000073,10,0,0.5279805352798651,-0.0027018706651454893,-5.447137347736053e-05,0.0011088731667237006,0.0010569278266746734,0.0006116494366475644,15,4,1,1
2024-11-04 15:20:00,2024-11-04 15:00:00,SELL,-1,2,1.0,2740.56,2744.86,2736.2599999999998,2723.359999999999,-1.0,14.0,0.03255813953488235,FULL_LOSS,0,2.5280898876404225,1.3362844100152165,0.16049382716050908,0.6123456790123226,0.22716049382716827,0.16049382716050908,2.330000000000382,1.5025441484585453,4.300000000000182,4.300000000000182,4,1,0.7038626609440359,-0.000827612356580576,-0.0007110274894167601,-0.00010215846236927284,0.0003471295815620288,0.0004047843424767652,15,0,1,1
2024-11-05 16:25:00,2024-11-05 15:15:00,BUY,1,2,1.0,2747.69,2736.34,2759.04,2793.0899999999997,-1.0,14.0,0.012334801762114638,FULL_LOSS,0,1.2203913491246103,1.1318392387629899,0.9873417721520056,0.9873417721520056,0.012658227847994398,0.0,2.519999999999982,1.496996265627537,11.349999999999909,11.349999999999909,14,1,3.321428571428552,0.0012462330601581417,0.0010529000291459312,0.0021080195921820977,0.0003947157349051054,0.00038972909398466397,16,1,0,1
2024-11-13 10:30:00,2024-11-13 07:30:00,BUY,1,3,1.0,2607.49,2601.06,2613.9199999999996,2633.209999999999,0.0,14.0,0.021772939346812376,EXPIRED_BEFORE_TARGET,0,2.2822458270105543,1.1127465410656463,0.7659574468084669,0.7393617021276383,0.2340425531915331,0.026595744680828547,3.019999999999982,1.9040063466878223,6.429999999999836,6.429999999999836,36,0,0.2880794701986411,0.0013556275826047681,0.0011518569854367389,0.0005602391376919869,0.0004712698108329291,0.00035815742213056353,10,2,1,0
2024-11-15 10:00:00,2024-11-15 07:30:00,BUY,1,3,1.0,2566.4,2554.58,2578.2200000000003,2613.6800000000007,0.0,13.0,0.010998307952622521,EXPIRED_BEFORE_TARGET,0,1.637333333333361,1.0224144710971295,0.866449511400706,0.866449511400706,0.13355048859929403,0.0,1.8099999999999454,1.9906479625918503,11.820000000000164,11.820000000000164,30,0,0.1546961325968003,0.001521951219512152,0.0013109432548847888,0.0021437692070398473,0.000334005874302141,0.0004437844573245831,10,4,1,0
2024-11-18 10:15:00,2024-11-18 07:40:00,BUY,1,3,1.0,2589.32,2580.41,2598.2300000000005,2624.9600000000014,0.0,9.0,0.01010101010100975,EXPIRED_BEFORE_TARGET,0,1.8699186991868657,1.1527929901423877,0.9739130434783492,0.9739130434783492,0.026086956521650873,0.0,2.869999999999891,1.7330210772833725,8.91000000000031,8.91000000000031,31,0,0.4773519163764452,0.0021247527894638907,0.0023342327032582766,0.0011947893265487064,0.00042580512153910237,0.00044066143453662333,10,0,1,0
2024-11-20 07:35:00,2024-11-20 07:30:00,BUY,1,2,1.0,2637.7,2635.28,2640.1199999999994,2647.3799999999983,-1.0,14.0,0.05785123966943063,FULL_LOSS,0,2.594871794871473,1.685807150595883,0.9565217391303801,0.6166007905138745,0.04347826086961992,0.33992094861650557,1.4700000000002547,1.938706015891033,2.419999999999618,2.419999999999618,1,1,0.24489795918340831,0.0005652053516220779,0.0007550147778017102,0.0002161440657075797,0.00022126049899483762,0.0002474972235274304,7,2,1,0
2024-11-21 07:40:00,2024-11-21 07:30:00,BUY,1,2,1.0,2656.88,2654.76,2659.0,2665.3599999999997,1.9,14.0,0.06603773584906,FULL_TARGET,1,2.198030067392478,1.623600344530577,1.0,0.7169811320755001,0.0,0.2830188679245,1.550000000000182,1.8602498843128181,2.119999999999891,2.119999999999891,2,1,0.32258064516125246,0.00037652303567936585,0.0003727564018090046,-0.0006056069422866184,0.00027306140605114416,0.00033787505024992966,7,3,1,0
2024-11-21 07:50:00,2024-11-21 07:45:00,SELL,-1,2,1.0,2656.11,2658.14,2654.0800000000004,2647.990000000001,-1.0,14.0,0.06896551724138797,FULL_LOSS,0,1.9651500484026079,1.471652593486128,0.0,0.6650246305419105,0.3349753694580895,0.0,1.0799999999999272,1.6098169717138102,2.0299999999997453,2.0299999999997453,1,1,0.6759259259259883,0.0002824475777296609,7.906924206491084e-05,-0.0004891981290051639,0.0003268462322311446,0.00034405187679951234,7,3,1,0
2024-11-26 16:25:00,2024-11-26 15:00:00,SELL,-1,3,1.0,2629.13,2641.9,2616.36,2578.05,0.0,14.0,0.010963194988253737,EXPIRED_BEFORE_TARGET,0,1.2246553122466144,0.987601992158525,0.015452538631382035,0.9602649006621892,0.024282560706428803,0.015452538631382035,8.179999999999836,1.5282575652894845,12.769999999999982,12.769999999999982,17,0,0.10880195599020666,-0.001094220766638454,-0.0003155941535232243,-0.0014584290743911987,0.0006989955329320511,0.0007390521868682762,16,1,0,1
2024-11-28 16:40:00,2024-11-28 15:10:00,SELL,-1,3,1.0,2643.42,2647.95,2638.8900000000003,2625.300000000001,0.7,14.0,0.030905077262694897,PARTIAL_WIN_OPEN_AT_HORIZON,1,1.2466921493677108,0.8089005235602095,0.028301886792428548,0.7735849056603571,0.19811320754721434,0.028301886792428548,2.5100000000002183,1.5898959881129273,4.529999999999745,4.529999999999745,18,1,0.027888446215021064,-0.001292106814163363,-0.0010656629784145943,-0.001292106814163363,0.0003079547973673755,0.0003361747819864756,16,3,0,1
2024-11-29 08:15:00,2024-11-29 07:30:00,SELL,-1,3,1.0,2661.94,2666.37,2657.51,2644.2200000000007,0.7,14.0,0.031602708803612906,PARTIAL_WIN_BREAKEVEN,1,2.35732721537146,1.3227759664648346,0.0,0.9951338199513428,0.0048661800486572235,0.0,1.9100000000003092,1.7662733155690904,4.429999999999836,4.429999999999836,9,0,0.0942408376962341,-0.000180287107218291,2.2540460125952677e-05,0.0003081409331409102,0.00034840418946705974,0.00043593676091827587,8,4,1,0
2024-12-04 08:50:00,2024-12-04 07:30:00,SELL,-1,2,1.0,2649.38,2651.37,2647.3900000000003,2641.420000000001,1.9,14.0,0.07035175879397758,FULL_TARGET,1,1.3056163384391306,1.0508895324782788,0.10614525139668068,0.7597765363126817,0.13407821229063763,0.10614525139668068,1.7200000000002547,1.6728407096899982,1.9899999999997817,1.9899999999997817,16,1,0.02906976744169753,-0.00037353275203078073,0.00018875902268122857,-0.00013963581469944586,0.0003197082416657371,0.00030038771653794855,8,2,1,0
2024-12-05 10:05:00,2024-12-05 07:30:00,SELL,-1,3,1.0,2647.47,2655.54,2639.3999999999996,2615.189999999999,0.0,9.0,0.011152416356877097,EXPIRED_BEFORE_TARGET,0,1.7201695941851323,1.0570444677346909,0.22887323943651655,0.7288732394367567,0.042253521126726735,0.22887323943651655,3.5100000000002183,1.9723018147086915,8.070000000000164,8.070000000000164,31,1,0.2991452991453324,-0.00033605703152150834,-0.0012863652824723903,1.5108992494683449e-05,0.00047943316104358784,0.000382552825376236,10,3,1,0
2024-12-10 02:50:00,2024-12-10 02:00:00,BUY,1,3,1.0,2662.48,2657.93,2667.03,2680.6800000000007,0.7,14.0,0.030769230769229543,PARTIAL_WIN_OPEN_AT_HORIZON,1,1.5673076923078522,1.28518321826872,0.9693251533741236,0.7668711656441204,0.030674846625876412,0.20245398773000314,1.6299999999996544,1.815632667367683,4.550000000000182,4.550000000000182,10,0,1.0797546012273567,0.0006802797791534143,0.0010941618381918872,0.0006125862036567842,0.0002826746537967203,0.0002563741769716369,2,1,0,0
2024-12-11 02:00:00,2024-12-11 01:45:00,SELL,-1,2,1.0,2694.48,2698.26,2690.7,2679.359999999999,-1.0,25.0,0.06613756613756264,FULL_LOSS,0,1.2959141560050624,1.5537985562048815,0.1464968152866205,0.8535031847133795,0.0,0.1464968152866205,2.5099999999997635,2.2098125249301956,3.7800000000002,3.7800000000002,3,1,0.42629482071723684,-0.0012195257564581174,-0.000226337524906417,-0.0002374662352696566,0.00032731959971525913,0.000228004678189977,2,2,0,0
2024-12-11 11:05:00,2024-12-11 10:20:00,SELL,-1,3,1.0,2686.91,2695.76,2678.0599999999995,2651.5099999999984,-1.0,87.0,0.09830508474575866,FULL_LOSS,0,1.3992962119644434,1.1833084947839045,0.2869822485206416,0.6272189349113246,0.0857988165680338,0.2869822485206416,1.9900000000002365,2.3584173778122577,8.850000000000364,8.850000000000364,9,0,2.1557788944720873,-0.00173874921514805,-0.0027613339024255,-0.0016756953578409561,0.0004799445165034151,0.0006769748788844523,11,2,1,0
2024-12-16 03:20:00,2024-12-16 01:00:00,BUY,1,3,1.0,2653.9,2643.52,2664.28,2695.4200000000005,0.0,18.0,0.017341040462427564,EXPIRED_BEFORE_TARGET,0,1.5965480043150173,1.8215527230590962,0.898648648648742,0.8918918918918379,0.10135135135125793,0.006756756756904159,2.0899999999996908,1.681087762669963,10.38000000000011,10.38000000000011,28,0,1.5215311004788332,0.0012412237183139219,0.003467272651650699,0.0012450011318192455,0.0006443045594636654,0.0004256664952066919,3,0,0,0
2024-12-16 16:35:00,2024-12-16 15:00:00,SELL,-1,2,1.0,2657.3,2663.53,2651.07,2632.38,0.7,9.0,0.014446227929373954,PARTIAL_WIN_OPEN_AT_HORIZON,1,1.348265261308759,1.1683096020445418,0.10423452768734419,0.8697068403907087,0.02605863192194714,0.10423452768734419,4.070000000000164,1.6792842395044734,6.230000000000018,6.230000000000018,19,1,0.42751842751835667,-0.0002595946561121387,-0.0011014085248267635,-0.0009361641332585879,0.00036156572424629656,0.000371876296107766,16,0,0,1
2024-12-17 15:30:00,2024-12-17 15:00:00,SELL,-1,3,1.0,2640.44,2646.87,2634.01,2614.7200000000007,0.7,9.0,0.013996889580093668,PARTIAL_WIN_BREAKEVEN,1,2.9625457617571,1.0855309055392772,0.20152091254752721,0.6140684410646698,0.18441064638780294,0.20152091254752721,2.2800000000002,1.5286624203821655,6.429999999999836,6.429999999999836,6,0,0.9473684210524846,-0.0017202333468178121,-0.0015881178534695728,-0.0009118943564712101,0.0004622653419278599,0.00041266501191943147,15,1,1,1
2024-12-18 04:20:00,2024-12-18 03:05:00,SELL,-1,3,1.0,2648.03,2651.7,2644.3600000000006,2633.3500000000017,0.7,13.0,0.03542234332425437,PARTIAL_WIN_OPEN_AT_HORIZON,1,1.2616339193381194,0.8854961832061069,0.08196721311480705,0.918032786885193,0.0,0.08196721311480705,1.3800000000001091,2.099827882960413,3.669999999999618,3.669999999999618,15,0,0.38405797101427785,-0.0004039107621455207,-0.0005510494472519278,-0.0007283128801943706,0.00038833723032968175,0.0002914373331215344,4,2,0,0
2024-12-18 08:10:00,2024-12-18 07:30:00,SELL,-1,3,1.0,2645.94,2649.46,2642.42,2631.86,0.7,14.0,0.03977272727272748,PARTIAL_WIN_BREAKEVEN,1,1.3498964803313735,1.0779402925265478,0.14110429447852932,0.7116564417176545,0.1472392638038162,0.14110429447852932,1.4700000000002547,1.8876080691642652,3.519999999999982,3.519999999999982,8,1,0.7006802721085489,-0.0005665850784153381,-0.0007817191022693182,-7.558179083488881e-05,0.0002712237773111387,0.000265078362588004,8,2,1,0
2024-12-18 10:30:00,2024-12-18 08:15:00,BUY,1,3,1.0,2646.87,2642.15,2651.5899999999997,2665.749999999999,0.0,11.0,0.0233050847457637,EXPIRED_BEFORE_TARGET,0,1.8781725888324574,1.2629663330300274,0.8783783783783369,0.8682432432431343,0.12162162162166314,0.010135135135202608,1.8699999999998909,1.4201183431952662,4.7199999999998,4.7199999999998,27,1,0.20320855614980285,0.0006275494195167042,0.00160446222134758,0.0007902358608276039,0.0004787652568550942,0.0003170563410044168,10,2,1,0
2024-12-24 08:00:00,2024-12-24 07:30:00,SELL,-1,3,1.0,2618.02,2620.78,2615.2599999999998,2606.979999999999,-1.0,10.0,0.03623188405796815,FULL_LOSS,0,1.43214822233322,1.6414342629482073,0.055944055944011466,0.8251748251748051,0.11888111888118337,0.055944055944011466,1.2800000000002,2.091020910209102,2.7600000000002183,2.7600000000002183,6,1,0.4062499999999223,-0.000797676433432204,-0.0005268382072231015,-0.0011484034902310425,0.00023813727708601537,0.00021454356156453062,8,1,1,0
2024-12-24 10:45:00,2024-12-24 08:05:00,SELL,-1,3,1.0,2617.27,2621.46,2613.08,2600.5099999999998,0.7,10.0,0.02386634844868704,PARTIAL_WIN_OPEN_AT_HORIZON,1,1.3643926788688525,1.273071462375769,0.01829268292694762,0.9634146341461047,0.01829268292694762,0.01829268292694762,1.2300000000000182,1.5467075038284839,4.190000000000055,4.190000000000055,32,0,0.41463414634163476,-0.0007864606597870472,-0.0006872668542651228,-0.0007559415863319652,0.0001911039174376489,0.00023689185096022417,10,1,1,0
2024-12-30 15:30:00,2024-12-30 15:15:00,SELL,-1,3,1.0,2616.86,2622.5,2611.2200000000003,2594.3000000000006,0.7,8.0,0.014184397163120888,PARTIAL_WIN_OPEN_AT_HORIZON,1,3.206021745190977,1.5615384615384615,0.040000000000003165,0.8608695652173597,0.09913043478263717,0.040000000000003165,2.0599999999999454,1.8439407149084568,5.639999999999873,5.639999999999873,3,0,0.49999999999988964,-0.0011031586983489827,-0.0013013926045788438,-0.000641578895109407,0.00040628236103902094,0.00039742053961268944,15,0,1,1
2024-12-31 09:40:00,2024-12-31 07:50:00,BUY,1,2,1.0,2611.29,2604.12,2618.46,2639.9700000000003,0.0,13.0,0.01813110181311,EXPIRED_BEFORE_TARGET,0,1.614063124250901,1.030362389813908,0.9059405940593781,0.8316831683167581,0.09405940594062193,0.07425742574261995,2.25,1.9531731361675908,7.170000000000073,7.170000000000073,22,1,2.1600000000000565,0.001188563716600477,0.001081093514589071,0.0018684632561136727,0.0002617177079163107,0.00028078767317913907,9,1,1,0
2025-01-02 01:20:00,2025-01-02 01:00:00,SELL,-1,2,1.0,2623.79,2625.29,2622.29,2617.79,0.7,13.0,0.08666666666666667,PARTIAL_WIN_BREAKEVEN,1,1.3473053892210454,1.1423841059602649,0.3111111111109539,0.6888888888890461,0.0,0.3111111111109539,0.75,2.2035836828059474,1.5,1.5,4,1,0.8266666666665211,-0.00046856785853055527,-0.00027814609909626586,6.479596892838835e-05,0.00013077854607009513,0.0002508782463394848,1,3,0,0
2025-01-02 09:25:00,2025-01-02 07:30:00,SELL,-1,2,1.0,2634.37,2636.0,2632.74,2627.8499999999995,-1.0,13.0,0.07975460122698853,FULL_LOSS,0,1.5754716981133237,1.002906976744186,0.023952095808360406,0.670658682634636,0.30538922155700365,0.023952095808360406,1.3099999999999454,2.08972503617945,1.6300000000001091,1.6300000000001091,23,1,0.15267175572540548,-1.5183665412754621e-05,0.00011768904277054126,7.212870798500859e-05,0.00016406413725732297,0.00022659653727574033,9,3,1,0
2025-01-03 10:50:00,2025-01-03 10:45:00,BUY,1,2,1.0,2653.48,2649.91,2657.05,2667.7600000000007,0.7,9.0,0.025210084033612287,PARTIAL_WIN_BREAKEVEN,1,1.9430122116687736,0.7820866461139057,0.9972067039106806,0.9860335195531486,0.002793296089319479,0.011173184357531965,3.4600000000000364,1.4213878645658733,3.5700000000001637,3.5700000000001637,1,1,0.00867052023127161,0.00047884594357161525,-0.00015825765854027285,-0.00039178457875621575,0.0004160361642021075,0.00037845555723358483,10,4,1,0
2025-01-06 02:55:00,2025-01-06 01:00:00,BUY,1,3,1.0,2643.24,2638.65,2647.8299999999995,2661.5999999999985,0.0,13.0,0.02832244008714788,EXPIRED_BEFORE_TARGET,0,1.2912621359222654,2.041343669250646,0.9248120300749103,0.9248120300749103,0.07518796992508968,0.0,2.5900000000001455,1.998769987699877,4.589999999999691,4.589999999999691,23,1,0.6216216216214603,0.0015421515097548966,0.0014586703745940177,0.0008443739326997601,0.0002949098475427423,0.0002542466798359785,2,0,0,0
2025-01-06 05:30:00,2025-01-06 03:05:00,SELL,-1,3,1.0,2640.19,2647.41,2632.9700000000003,2611.310000000001,0.7,5.0,0.006925207756232879,PARTIAL_WIN_OPEN_AT_HORIZON,1,1.4134516899967433,0.8449720670391062,0.033816425120849355,0.9613526570046494,0.004830917874501202,0.033816425120849355,1.7399999999997817,2.190556021234982,7.2199999999998,7.2199999999998,29,0,0.3218390804597791,-0.0006434787216726967,-0.0015051982285556598,-0.0012634621131593082,0.00032721164171198856,0.00035342379693097814,5,0,0,0
2025-01-09 05:35:00,2025-01-09 02:55:00,BUY,1,3,1.0,2661.85,2656.19,2667.5099999999998,2684.4899999999993,-1.0,14.0,0.024734982332156114,FULL_LOSS,0,1.2397052449066546,0.7582515611061552,0.7622377622376333,0.6993006993007793,0.23776223776236674,0.0629370629368539,1.400000000000091,2.106969205834684,5.6599999999998545,5.6599999999998545,32,0,0.6214285714284531,0.000657870004886929,0.0005337483038456714,0.0016444150097083554,0.00021303912507189264,0.00023551394665195677,5,3,0,0
2025-01-10 15:10:00,2025-01-10 15:00:00,BUY,1,2,1.0,2679.98,2674.8,2685.16,2700.6999999999994,-1.0,14.0,0.027027027027027885,FULL_LOSS,0,1.6416309012874555,1.10681712784047,0.7810457516339593,0.6209150326797793,0.21895424836604074,0.16013071895417988,3.0599999999999454,1.6478029294274301,5.179999999999836,5.179999999999836,2,1,0.45751633986931894,0.0006571528851253561,0.0009449289435845554,0.0005824329268748762,0.0005367928579054613,0.00037433385868895265,15,4,1,1
2025-01-13 08:15:00,2025-01-13 07:40:00,BUY,1,2,1.0,2689.78,2683.62,2695.9400000000005,2714.4200000000014,0.0,13.0,0.021103896103895046,EXPIRED_BEFORE_TARGET,0,1.2859304084721939,0.8460013218770653,0.9882352941176596,0.8764705882352926,0.011764705882340354,0.1117647058823671,0.8099999999999454,1.5161689344407139,6.160000000000309,6.160000000000309,7,1,6.086419753087189,0.0009191347481312118,0.0018324977838695133,0.0014855964166968771,0.0002719946504592641,0.0002900594402317544,8,0,1,0
2025-01-14 09:00:00,2025-01-14 07:50:00,BUY,1,2,1.0,2670.81,2667.33,2674.29,2684.73,-1.0,5.0,0.014367816091953948,FULL_LOSS,0,2.09198209198225,1.104,0.9883268482489501,0.6926070038909073,0.011673151751049875,0.29571984435804277,1.8600000000001273,1.4901222953904045,3.480000000000018,3.480000000000018,14,1,0.7903225806449996,0.00047948515281714954,0.0008619042087156803,0.0008056477782858451,0.0002596606018023388,0.00031269114831427425,9,1,1,0
2025-01-15 16:20:00,2025-01-15 15:00:00,BUY,1,2,1.0,2689.92,2682.15,2697.69,2721.0,-1.0,5.0,0.00643500643500645,FULL_LOSS,0,1.486213853396101,1.0123537771947086,0.9592760180995852,0.610859728506839,0.04072398190041478,0.34841628959274623,1.930000000000291,1.586750788643533,7.769999999999982,7.769999999999982,16,1,2.6424870466316785,3.3459363602883485e-05,0.0003309743662212039,0.00254183593604429,0.0009576957998074905,0.0005597608503689248,16,2,0,1
2025-01-16 09:10:00,2025-01-16 07:35:00,BUY,1,3,1.0,2697.83,2690.03,2705.6299999999997,2729.029999999999,0.7,8.0,0.010256410256410615,PARTIAL_WIN_OPEN_AT_HORIZON,1,1.5389784946236436,1.1799929552659387,0.9825327510917187,0.6855895196505388,0.017467248908281333,0.29694323144117984,1.5300000000002,1.6562572287763127,7.799999999999727,7.799999999999727,19,1,1.313725490195752,0.0014737217227323018,0.0016819515093007276,0.0024300614203598414,0.00041897820601510295,0.0002755693018519185,9,3,1,0
2025-01-17 09:05:00,2025-01-17 07:30:00,BUY,1,3,1.0,2714.31,2710.58,2718.04,2729.23,-1.0,9.0,0.02412868632707763,FULL_LOSS,0,1.2840466926071066,1.0160614525139666,0.8000000000000551,0.7212121212121145,0.1999999999999449,0.0787878787879406,1.0199999999999818,2.121390689451974,3.730000000000018,3.730000000000018,19,0,0.2843137254901655,0.0008776037729587571,0.0006672811059906802,0.0008591508786937041,0.0002138193088787858,0.00020616555293770307,9,4,1,0
2025-01-23 08:20:00,2025-01-23 07:40:00,BUY,1,2,1.0,2755.47,2751.23,2759.7099999999996,2772.429999999999,-1.0,6.0,0.014150943396227142,FULL_LOSS,0,1.5334947538337977,1.3158987131589872,0.9368421052629791,0.7473684210523948,0.06315789473702098,0.18947368421058425,2.099999999999909,1.7220933230213973,4.239999999999782,4.239999999999782,8,1,0.9666666666665873,0.0008972030512168772,0.0010790190735694427,0.0009408328732090077,0.00018784098399421935,0.00018121481383679317,8,3,1,0
2025-01-23 13:00:00,2025-01-23 11:20:00,BUY,1,3,1.0,2753.02,2740.87,2765.17,2801.6200000000003,-1.0,14.0,0.011522633744855883,FULL_LOSS,0,1.2069399044507063,1.022805805114029,0.7041666666666627,0.6458333333333847,0.2958333333333373,0.058333333333278066,6.0900000000001455,1.6911637558360715,12.150000000000091,12.150000000000091,20,0,0.20689655172409416,0.0006724411795708818,0.0018340744838025724,0.0025820031828924783,0.0002751697269396159,0.0004196450460225548,13,3,1,1
2025-01-24 17:50:00,2025-01-24 15:00:00,SELL,-1,3,1.0,2777.4,2785.94,2768.86,2743.2400000000002,0.0,12.0,0.014051522248243619,EXPIRED_BEFORE_TARGET,0,1.4391641388608367,0.9854052375530483,0.016393442622989227,0.9718969555035383,0.01170960187347245,0.016393442622989227,2.519999999999982,1.5787760416666667,8.539999999999964,8.539999999999964,34,0,0.19444444444435924,-0.002263174911089405,-0.002628630526587794,8.281812060473293e-05,0.0005526944811967524,0.0005196046571378591,17,4,0,1
2025-01-28 10:50:00,2025-01-28 10:00:00,BUY,1,3,1.0,2740.52,2734.81,2746.23,2763.36,0.0,18.0,0.031523642732048836,EXPIRED_BEFORE_TARGET,0,1.6406489133760593,1.1338776767832384,0.9253731343284215,0.6492537313432418,0.07462686567157847,0.27611940298517973,1.7000000000002728,1.4576831283275196,5.710000000000036,5.710000000000036,10,1,0.3999999999998395,0.001966992548827484,0.001245839589932407,0.00038693757163810183,0.0004446439889489479,0.0003283186584405357,10,1,1,0
2025-01-29 10:15:00,2025-01-29 08:00:00,BUY,1,3,1.0,2763.24,2757.37,2769.1099999999997,2786.7199999999993,-1.0,13.0,0.02214650766609922,FULL_LOSS,0,2.1833721833720823,1.2447218652469247,0.6654804270462374,0.6548042704625361,0.33451957295376256,0.010676156583701307,1.3999999999996362,1.6738402678144428,5.869999999999891,5.869999999999891,27,0,1.4857142857146197,0.0010687282857959612,0.001885396876042389,0.001554939379111664,0.0002695912450059016,0.00023066676419709333,10,2,1,0
2025-01-31 04:35:00,2025-01-31 03:05:00,SELL,-1,3,1.0,2794.84,2798.3,2791.38,2781.0,0.0,5.0,0.01445086705202297,EXPIRED_BEFORE_TARGET,0,2.2503160556258495,0.8996937212863706,0.0,0.8127340823970088,0.18726591760299116,0.0,1.1400000000003274,1.433463796477495,3.4600000000000364,3.4600000000000364,18,0,0.02631578947345327,-0.000707946882530841,-0.0002468226060889922,-0.00035767425889898785,0.00022693596927390636,0.00023906557766847767,4,4,0,0
2025-02-06 04:25:00,2025-02-06 03:20:00,BUY,1,3,1.0,2870.96,2865.54,2876.38,2892.6400000000003,-1.0,5.0,0.009225092250922386,FULL_LOSS,0,1.4445352957209703,0.8966565349544073,1.0,0.9622641509434319,0.0,0.037735849056568155,1.2399999999997817,1.7471264367816093,5.420000000000073,5.420000000000073,13,0,2.475806451613471,0.0002682749225662029,-0.00014975325539190454,0.0018005443506174945,0.0003860079000169265,0.000336816424318615,4,3,0,0
2025-02-07 10:50:00,2025-02-07 07:55:00,BUY,1,3,1.0,2866.03,2859.02,2873.0400000000004,2894.070000000001,0.0,6.0,0.008559201141226552,EXPIRED_BEFORE_TARGET,0,1.8007117437723903,0.8413335660673765,1.0,0.7035573122529879,0.0,0.2964426877470121,1.0,1.5926773455377574,7.010000000000218,7.010000000000218,35,0,2.9900000000002365,0.000712292989849983,0.0003245960001396764,0.0006808469037178355,0.0002629982000453536,0.00036032404803763385,10,4,1,0
2025-02-07 12:15:00,2025-02-07 11:05:00,SELL,-1,2,1.0,2864.37,2870.49,2858.25,2839.8900000000003,0.0,5.0,0.008169934640523022,EXPIRED_BEFORE_TARGET,0,2.2323324234153854,1.1630218687872762,0.2445652173913097,0.7527173913042834,0.002717391304406926,0.2445652173913097,4.7400000000002365,1.7762808012763693,6.119999999999891,6.119999999999891,14,1,0.2805907172995487,-0.0015616013385154615,-0.0019164631150540012,-0.0014049644401060712,0.00026403041727822825,0.0004046876115143329,12,4,1,0
2025-02-07 15:25:00,2025-02-07 15:10:00,BUY,1,3,1.0,2864.45,2860.36,2868.5399999999995,2880.8099999999986,-1.0,10.0,0.024449877750613098,FULL_LOSS,0,1.821561338289678,0.9496183206106871,1.0,0.7040816326530581,0.0,0.29591836734694194,2.819999999999709,1.6104680422747861,4.089999999999691,4.089999999999691,3,0,0.12411347517728552,0.001006440520413543,0.00029333603388725926,-0.000690754701841656,0.0003609450676564261,0.0003194497536474518,15,4,1,1
2025-02-13 09:55:00,2025-02-13 08:05:00,SELL,-1,2,1.0,2914.41,2918.47,2910.35,2898.17,0.7,11.0,0.027093596059113666,PARTIAL_WIN_BREAKEVEN,1,1.7569137810828945,1.096543504171633,0.0079365079364411,0.923280423280548,0.06878306878301085,0.0079365079364411,3.8599999999996726,1.7044985555096985,4.059999999999945,4.059999999999945,22,1,0.03626943005190137,-0.0003978638825342662,-0.0005486949633233262,-0.0004561449237585613,0.00041832747528209934,0.00040523205015374796,9,3,1,0
2025-02-13 17:35:00,2025-02-13 15:35:00,BUY,1,3,1.0,2919.41,2905.89,2932.93,2973.49,0.0,9.0,0.0066568047337278195,EXPIRED_BEFORE_TARGET,0,1.3864689527340701,1.0229689493832412,0.8636363636363139,0.8315508021388973,0.1363636363636861,0.032085561497416586,3.4699999999998,1.4459423737774253,13.519999999999982,13.519999999999982,24,1,1.319884726224839,0.0005209243665800223,0.00045235068143889556,0.0017809225109977067,0.0005635183241334454,0.0005147416433818569,17,3,0,1
2025-02-17 10:45:00,2025-02-17 08:00:00,BUY,1,3,1.0,2900.93,2888.15,2913.7099999999996,2952.049999999999,0.0,13.0,0.010172143974961079,EXPIRED_BEFORE_TARGET,0,2.064280114972494,0.9781171978264063,0.8,0.7088607594936345,0.2,0.09113924050636554,5.190000000000055,1.4931456094849946,12.779999999999745,12.779999999999745,33,1,0.8246628131020617,0.0008970683117519584,0.0002172189083886611,0.00011032162200352857,0.0004183556764992443,0.0004803333942265188,10,0,1,0
2025-02-18 05:55:00,2025-02-18 03:05:00,BUY,1,3,1.0,2908.88,2891.98,2925.78,2976.4800000000005,0.0,12.0,0.007100591715976293,EXPIRED_BEFORE_TARGET,0,1.2791274169560167,0.728476821192053,0.9263565891472766,0.6705426356588226,0.07364341085272343,0.2558139534884541,1.5700000000001637,2.7623230844314297,16.90000000000009,16.90000000000009,34,1,6.917197452228659,-0.0001203067478335873,-8.249917500813275e-05,0.002015135909721799,0.0004204573615268906,0.00044532189535794294,5,1,0,0
2025-02-18 07:40:00,2025-02-18 07:30:00,SELL,-1,2,1.0,2912.49,2915.54,2909.4399999999996,2900.289999999999,0.7,5.0,0.016393442622949842,PARTIAL_WIN_BREAKEVEN,1,1.974462784179393,1.5694267515923568,0.13564668769710614,0.6593059936908825,0.20504731861201136,0.13564668769710614,2.0399999999999636,1.9360043022317828,3.050000000000182,3.050000000000182,2,1,0.397058823529615,-0.00026774037421872787,-0.00016478027580102417,0.0009657419372577358,0.00021668901407169465,0.0003731915720466806,7,1,1,0
2025-02-19 02:45:00,2025-02-18 22:55:00,SELL,-1,3,1.0,2931.23,2936.46,2926.0,2910.31,-1.0,13.0,0.024856596558317314,FULL_LOSS,0,1.2981045376221585,1.2785388127853883,0.18584070796461602,0.814159292035384,0.0,0.18584070796461602,1.2800000000002,1.5331516802906449,5.230000000000018,5.230000000000018,34,0,0.9531249999996947,-0.0005591792339926238,-0.000535324604473586,-0.0009100514673302529,0.00019800822242611616,0.00023271258917202404,2,2,0,0
2025-02-19 13:45:00,2025-02-19 11:15:00,SELL,-1,2,1.0,2938.88,2947.05,2930.71,2906.2,0.7,9.0,0.01101591187270492,PARTIAL_WIN_OPEN_AT_HORIZON,1,1.847894406034124,0.9873506676036542,0.013605442176858122,0.8197278911563979,0.166666666666744,0.013605442176858122,7.130000000000109,1.551333449538086,8.170000000000073,8.170000000000073,30,1,0.07152875175312141,-0.0016848741779444953,-0.0017289578358473667,-0.002037434462524801,0.0003912101055685761,0.0004800705760864413,13,2,1,1
2025-02-21 05:05:00,2025-02-21 03:00:00,SELL,-1,3,1.0,2933.58,2949.59,2917.5699999999997,2869.539999999999,0.0,7.0,0.004372267332916868,EXPIRED_BEFORE_TARGET,0,1.3991646778043036,1.1346204707749272,0.20895522388059845,0.7825159914712218,0.008528784648179777,0.20895522388059845,4.789999999999964,3.8171140939597317,16.01000000000022,16.01000000000022,25,0,1.2672233820459728,-0.002183673469387748,-0.0019969722226946818,-0.0008446693868654487,0.000702463602838285,0.0006691431678806583,5,4,0,0
2025-02-21 13:05:00,2025-02-21 10:05:00,BUY,1,3,1.0,2932.06,2916.74,2947.38,2993.3400000000006,0.0,10.0,0.006527415143603063,EXPIRED_BEFORE_TARGET,0,1.779661016949077,1.3190054782975136,1.0,0.7835497835497784,0.0,0.21645021645022156,3.300000000000182,1.8679284097922237,15.320000000000164,15.320000000000164,36,0,1.1606060606059745,0.0005528180068521404,0.0007064870528568079,0.0006450137705320547,9.249012492740423e-05,0.0003643774377116097,13,4,1,1
2025-02-24 02:50:00,2025-02-24 01:00:00,SELL,-1,2,1.0,2932.14,2940.6,2923.68,2898.2999999999997,0.7,5.0,0.0059101654846335444,PARTIAL_WIN_BREAKEVEN,1,1.2740544127405786,1.632955106068081,0.25520833333320997,0.74479166666679,0.0,0.25520833333320997,6.620000000000346,2.316279069767442,8.460000000000036,8.460000000000036,22,1,0.2673716012084425,-0.0007327155802596685,-0.0010220977534290965,-0.0017227291297834402,0.00025454844084996846,0.00036933423544657703,2,0,0,0
2025-02-24 10:35:00,2025-02-24 09:35:00,SELL,-1,3,1.0,2939.54,2944.84,2934.24,2918.3399999999992,-1.0,5.0,0.00943396226415062,FULL_LOSS,0,1.7388841687905934,1.1079845233907843,0.1270358306188631,0.6286644951140128,0.24429967426712415,0.1270358306188631,1.449999999999818,1.617678609740399,5.300000000000182,5.300000000000182,12,0,1.1793103448277593,-0.000564395484836111,-0.0016031192897367763,-0.0010195273471218513,0.00039378013796831254,0.00035515719337801704,10,0,1,0
2025-02-25 10:35:00,2025-02-25 09:40:00,BUY,1,3,1.0,2938.9,2929.52,2948.28,2976.4200000000005,0.0,7.0,0.007462686567164093,EXPIRED_BEFORE_TARGET,0,1.8525519848771341,1.0042764519244034,0.9438775510204602,0.9005102040816669,0.05612244897953975,0.043367346938793266,3.6100000000001273,1.458471760797342,9.38000000000011,9.38000000000011,11,0,0.44321329639885115,0.00211067579133295,0.0022200321239671528,0.0005719694132548803,0.00046047102822330553,0.00036569319612964795,10,1,1,0
2025-02-26 03:45:00,2025-02-26 03:00:00,SELL,-1,3,1.0,2921.24,2930.08,2912.3999999999996,2885.879999999999,0.0,13.0,0.014705882352940935,EXPIRED_BEFORE_TARGET,0,1.8357913273167528,1.2142605012354395,0.0,1.0,0.0,0.0,1.6599999999998545,2.467289719626168,8.840000000000146,8.840000000000146,9,0,0.8012048192774088,-0.0018962754416955718,-0.0012922988560762905,-0.001138628926645735,0.0006124951900292222,0.00042079138655259316,3,2,0,0
2025-02-27 08:05:00,2025-02-27 07:30:00,BUY,1,3,1.0,2895.05,2888.61,2901.4900000000002,2920.8100000000004,-1.0,5.0,0.007763975155279438,FULL_LOSS,0,1.619878603945399,1.2557172557172558,0.7540983606558006,0.6346604215456787,0.24590163934419945,0.11943793911012189,1.800000000000182,1.6535702084045099,6.440000000000055,6.440000000000055,7,0,0.7055555555554741,0.0012311991395441702,0.0014909677106902386,-0.00029697055502408976,0.0006134248638368159,0.0004865469848933246,8,3,1,0
2025-02-28 05:40:00,2025-02-28 03:00:00,SELL,-1,3,1.0,2863.78,2885.05,2842.51,2778.7000000000003,0.0,15.0,0.007052186177715097,EXPIRED_BEFORE_TARGET,0,1.9930711228858373,1.010587102983638,0.008179959100289506,0.8691206543966699,0.12269938650304067,0.008179959100289506,2.0100000000002183,2.5220458553791887,21.269999999999982,21.269999999999982,32,0,6.616915422884718,-0.0016280569645625853,-0.003521347298096611,-0.003909538020605008,0.00039553008377015884,0.0006301683663214113,5,4,0,0
2025-03-03 08:50:00,2025-03-03 08:05:00,BUY,1,3,1.0,2865.59,2861.82,2869.36,2880.67,-1.0,11.0,0.029177718832891386,FULL_LOSS,0,1.3319878910188168,1.1041207927021077,0.9242424242425913,0.9242424242425913,0.07575757575740873,0.0,2.6400000000003274,1.54392523364486,3.769999999999982,3.769999999999982,9,1,0.015151515151499493,0.0010654872945008442,0.0007124024375337878,0.0008661909601797024,0.0003045513391074579,0.00033707270579207214,8,0,1,0
2025-03-04 05:35:00,2025-03-04 02:55:00,SELL,-1,3,1.0,2890.64,2892.92,2888.3599999999997,2881.519999999999,0.7,15.0,0.06578947368420475,PARTIAL_WIN_BREAKEVEN,1,1.3606226578265879,0.7303636077443728,0.0338983050847131,0.8559322033897766,0.11016949152551028,0.0338983050847131,1.1900000000000546,2.242424242424242,2.2800000000002,2.2800000000002,32,1,0.5462184873950093,-0.00014527543530751252,0.0012053367322906183,0.0012538880922197126,0.00047806541025401567,0.0005305214749698274,5,1,0,0
2025-03-04 07:45:00,2025-03-04 07:00:00,SELL,-1,3,1.0,2889.83,2894.45,2885.21,2871.3500000000004,0.7,15.0,0.032467532467533235,PARTIAL_WIN_BREAKEVEN,1,2.149460708782787,0.9092616945331581,0.1792114695340525,0.7956989247312845,0.025089605734663036,0.1792114695340525,1.5199999999999818,1.949928760431508,4.619999999999891,4.619999999999891,9,0,0.48026315789475454,-0.0009679772387066743,-0.0009714309419768252,-0.0009334388925958947,0.00027856323206071966,0.00035240064817364334,7,1,1,0
2025-03-05 04:15:00,2025-03-05 03:05:00,BUY,1,3,1.0,2914.26,2903.59,2924.9300000000003,2956.9400000000005,-1.0,10.0,0.009372071227741268,FULL_LOSS,0,1.3421828908555722,0.9504132231404958,0.9313186813186874,0.8379120879120625,0.0686813186813125,0.09340659340662498,1.6599999999998545,2.6307448494453247,10.670000000000073,10.670000000000073,14,0,0.00602409638567419,0.0020355254199990735,0.0017048774619323748,0.0035019575839592143,0.0007821927209827447,0.0005057559310792197,4,2,0,0
2025-03-06 07:55:00,2025-03-06 07:45:00,BUY,1,2,1.0,2919.77,2915.42,2924.12,2937.1699999999996,-1.0,12.0,0.0275862068965523,FULL_LOSS,0,2.635879218472486,1.105313092979127,0.754716981132117,0.7439353099729747,0.2452830188678829,0.010781671159142312,2.7399999999997817,1.922026322324311,4.349999999999909,4.349999999999909,2,1,0.29197080291979766,0.0003049114728936875,0.0012653973827878584,0.0008260893410481085,0.0004676006368306408,0.00032022047619338813,7,3,1,0
2025-03-07 07:55:00,2025-03-07 07:20:00,SELL,-1,3,1.0,2909.53,2912.58,2906.4800000000005,2897.3300000000013,-1.0,14.0,0.04590163934426641,FULL_LOSS,0,1.3410404624275163,1.2741312741312742,0.3620689655173495,0.6091954022988957,0.028735632183754842,0.3620689655173495,1.7300000000000182,1.7214980343471964,3.049999999999727,3.049999999999727,7,1,0.28323699421952403,-0.0003882280994687015,-0.0006423026722538472,0.001004606741186409,0.00028266385205335496,0.00039709273027158304,7,4,1,0
2025-03-12 05:00:00,2025-03-12 02:00:00,BUY,1,3,1.0,2918.58,2910.88,2926.2799999999997,2949.379999999999,0.0,15.0,0.01948051948051994,EXPIRED_BEFORE_TARGET,0,2.2049374365909675,0.7689379520365436,0.7269938650306941,0.7177914110430414,0.2730061349693059,0.009202453987652614,1.3600000000001273,2.4120603015075375,7.699999999999818,7.699999999999818,36,0,2.213235294117266,0.0005553727168010614,0.0006068273216288667,0.0014067689605006262,0.00023297158834919375,0.000286401919060553,5,2,0,0
2025-03-12 08:00:00,2025-03-12 07:05:00,BUY,1,3,1.0,2917.78,2912.05,2923.51,2940.7000000000003,-1.0,12.0,0.020942408376963283,FULL_LOSS,0,1.7380857028434844,0.9076099604375145,0.8940092165898569,0.769585253456229,0.10599078341014308,0.124423963133628,1.099999999999909,1.8321870701513068,5.730000000000018,5.730000000000018,11,1,3.1000000000005374,0.0007717293253712842,0.001372787238569817,0.001369350570906036,0.00022760886264886032,0.0002836233865650311,8,2,1,0
2025-03-13 10:30:00,2025-03-13 07:30:00,BUY,1,3,1.0,2943.78,2932.99,2954.5700000000006,2986.940000000002,0.0,12.0,0.011121408711769726,EXPIRED_BEFORE_TARGET,0,1.2824086980762062,1.074792243767313,0.9260869565218964,0.847826086956741,0.07391304347810355,0.0782608695651555,2.7100000000000364,1.6032171581769437,10.790000000000418,10.790000000000418,36,1,1.0184501845019118,0.0006186351955839164,0.002803563216432936,0.003066669392594923,0.0004788649964711799,0.00041588028811368166,10,3,1,0
2025-03-14 07:55:00,2025-03-14 07:30:00,BUY,1,2,1.0,2986.29,2981.96,2990.62,3003.6099999999997,-1.0,15.0,0.03464203233256409,FULL_LOSS,0,1.220711599652946,1.2936922458818803,0.8672985781989653,0.6777251184832939,0.1327014218010347,0.18957345971567147,2.0100000000002183,1.5306980656013456,4.329999999999927,4.329999999999927,5,1,0.9502487562187298,0.0005695924733379876,0.0008948860779858236,0.0002713131556735249,0.0002672984206437605,0.0003122752308981608,7,4,1,0
2025-03-17 05:00:00,2025-03-17 03:20:00,SELL,-1,2,1.0,2986.87,2993.05,2980.6899999999996,2962.1499999999987,0.0,15.0,0.02427184466019303,EXPIRED_BEFORE_TARGET,0,1.3448534936138024,1.044504995458674,0.06145251396629878,0.7430167597765107,0.19553072625719045,0.06145251396629878,3.4700000000002547,1.8354055654233274,6.180000000000291,6.180000000000291,20,1,0.7694524495676879,-0.00027780566991331135,-0.00041163281014688913,-0.0013607762108234223,0.00014324386536374974,0.0002626137125631817,5,0,0,0
2025-03-17 09:45:00,2025-03-17 08:15:00,SELL,-1,3,1.0,2984.73,2990.72,2978.7400000000002,2960.770000000001,-1.0,8.0,0.013355592654424526,FULL_LOSS,0,1.7884850959576273,1.1428571428571428,0.12328767123286534,0.8264840182647947,0.050228310502339994,0.12328767123286534,1.6399999999998727,1.502025553131817,5.989999999999782,5.989999999999782,18,0,0.7865853658536974,-0.0009372290822184937,-0.0014152079653123595,-0.0016924265583869724,0.00014359291259657774,0.0002303204383365365,9,0,1,0
2025-03-17 14:25:00,2025-03-17 14:15:00,BUY,1,2,1.0,2992.62,2985.03,3000.2099999999996,3022.9799999999987,-1.0,15.0,0.019762845849803177,FULL_LOSS,0,2.9774223894636846,1.3914095583787054,0.6935229067930369,0.6903633491311123,0.30647709320696315,0.003159557661924493,5.2800000000002,1.6226741670272609,7.589999999999691,7.589999999999691,2,1,0.18749999999995157,0.0006352985234325814,-0.0015913845045189001,-0.002556419546110522,0.0004277820741989684,0.0003633281797775558,14,0,1,1
2025-03-21 02:35:00,2025-03-21 01:45:00,SELL,-1,3,1.0,3043.12,3047.39,3038.85,3026.04,0.7,15.0,0.03512880562060905,PARTIAL_WIN_OPEN_AT_HORIZON,1,1.4672686230250902,0.8975712777191129,0.1153846153846692,0.8153846153844593,0.06923076923087149,0.1153846153846692,0.7399999999997817,2.0716360116166506,4.269999999999982,4.269999999999982,10,0,2.689189189190302,-0.00017084806350287085,-0.0008634983173274602,-0.000712575813797689,0.0002628789035923089,0.0001810151216716765,2,4,0,0
2025-03-21 08:00:00,2025-03-21 07:30:00,BUY,1,3,1.0,3030.15,3021.59,3038.71,3064.39,0.0,15.0,0.017523364485981418,EXPIRED_BEFORE_TARGET,0,1.7952857604133912,1.424971363115693,0.960431654676216,0.7661870503596964,0.03956834532378396,0.1942446043165197,1.8400000000001455,1.6684045881126173,8.559999999999945,8.559999999999945,6,1,1.3586956521738056,0.0017389062081596407,0.0012192462480917765,0.00016173432002286603,0.00030059303070488675,0.00024867708279208145,8,4,1,0
2025-03-26 02:25:00,2025-03-26 02:00:00,SELL,-1,3,1.0,3020.56,3022.14,3018.98,3014.2400000000002,0.7,15.0,0.09493670886076386,PARTIAL_WIN_BREAKEVEN,1,1.9080068143098268,1.8054672600127144,0.0,1.0,0.0,0.0,0.7599999999997635,2.350265352539803,1.5799999999999272,1.5799999999999272,5,0,0.4210526315792938,-0.0002449276801377298,-0.00014895680583659754,-0.0002019085321249836,0.00011205328424133898,0.00017732941572488,2,2,0,0
2025-03-28 10:05:00,2025-03-28 08:00:00,SELL,-1,3,1.0,3076.52,3085.96,3067.08,3038.7599999999998,0.7,15.0,0.015889830508474485,PARTIAL_WIN_BREAKEVEN,1,1.567786514176766,1.002171371304493,0.25227963525833935,0.7446808510637827,0.0030395136778779298,0.25227963525833935,3.150000000000091,1.6051866756092108,9.440000000000055,9.440000000000055,25,0,0.0603174603174759,-0.0012433652020062969,-0.001269303311550618,-0.002341312821444008,0.00045093338668908113,0.000356915279777585,10,4,1,0
2025-03-31 03:00:00,2025-03-31 01:00:00,SELL,-1,3,1.0,3085.56,3097.77,3073.35,3036.72,-1.0,15.0,0.012285012285012248,FULL_LOSS,0,3.489562820007578,1.691449814126394,0.06320541760716833,0.8216704288939068,0.11512415349892485,0.06320541760716833,6.829999999999927,3.7881136950904395,12.210000000000036,12.210000000000036,24,0,0.1508052708638669,-0.001103927846498931,-0.0010845249618797181,-0.0010230775207852316,0.00022867064335904282,0.0005504740256669742,3,0,0,0
2025-04-03 08:50:00,2025-04-03 08:30:00,BUY,1,2,1.0,3131.92,3125.97,3137.8700000000003,3155.720000000001,-1.0,15.0,0.025210084033612287,FULL_LOSS,0,1.7097701149425981,1.3257305773342836,1.0,0.9596638655461806,0.0,0.04033613445381941,5.300000000000182,1.7195292240175544,5.950000000000273,5.950000000000273,4,1,0.050943396226409914,0.00043762278193915094,8.302306125185233e-05,-0.0033382022078595197,0.0005700427027254712,0.0005919508509545201,8,3,1,0
2025-04-04 03:25:00,2025-04-04 03:00:00,SELL,-1,2,1.0,3109.21,3115.02,3103.4,3085.9700000000003,-1.0,16.0,0.027538726333907314,FULL_LOSS,0,1.8603425559949112,1.589755979705243,0.036827195467450925,0.9150141643059023,0.04815864022664678,0.036827195467450925,2.2899999999999636,2.0601369455195,5.809999999999945,5.809999999999945,5,1,1.179039301309983,-0.0010666563856412958,-0.00116934641887656,-0.0011212130947407806,0.00041997437948645744,0.000515137444925672,3,4,0,0
2025-04-08 11:35:00,2025-04-08 09:20:00,SELL,-1,3,1.0,3004.29,3015.7,2992.88,2958.6500000000005,0.0,17.0,0.014899211218229813,EXPIRED_BEFORE_TARGET,0,1.2938005390835854,0.6375646180356117,0.12962962962961208,0.7430555555555358,0.1273148148148521,0.12962962962961208,5.380000000000109,1.4078866296980899,11.409999999999854,11.409999999999854,27,1,0.6784386617100403,-0.0011570033612942066,-0.0005588878132515296,-0.0006353536025546225,0.000652283484526034,0.0006680174343417596,11,1,1,0
2025-04-11 02:10:00,2025-04-11 01:45:00,SELL,-1,2,1.0,3183.73,3190.44,3177.02,3156.89,-1.0,17.0,0.025335320417287494,FULL_LOSS,0,1.8322463218564826,1.347532254761417,0.02152317880796522,0.8774834437086446,0.10099337748339011,0.02152317880796522,3.130000000000109,1.8168533852898197,6.710000000000036,6.710000000000036,5,1,1.0351437699679453,-0.0015805467311847954,-0.0010573875937371913,0.0012611173310859147,0.000621833102799902,0.0007686558530217471,2,4,0,0
2025-04-17 03:40:00,2025-04-17 01:00:00,SELL,-1,3,1.0,3342.84,3357.65,3328.03,3283.6000000000004,0.7,18.0,0.012153950033761017,PARTIAL_WIN_BREAKEVEN,1,2.0470162748645486,1.319060773480663,0.1307420494699993,0.8692579505300007,0.0,0.1307420494699993,8.079999999999927,1.957534955981357,14.809999999999945,14.809999999999945,32,0,0.0012376237623469828,-0.001764837625979787,-0.0007682167507120363,-0.0025779655555157044,0.0005595083123963144,0.0005186327812307888,3,3,0,0
2025-04-22 03:30:00,2025-04-22 02:15:00,SELL,-1,3,1.0,3422.13,3444.21,3400.05,3333.8100000000004,-1.0,19.0,0.008605072463768144,FULL_LOSS,0,1.3579916018940323,1.063668135541711,0.001315789473712947,0.7289473684210566,0.26973684210523047,0.001315789473712947,7.579999999999927,1.6016427104722792,22.079999999999927,22.079999999999927,15,1,1.542216358839072,-0.0007621016485922505,0.0009447483108602217,-0.005313320214741735,0.0017040660035455074,0.0010148549114163158,3,1,0,0
2025-04-24 05:35:00,2025-04-24 04:15:00,SELL,-1,3,1.0,3343.14,3367.17,3319.1099999999997,3247.019999999999,0.0,18.0,0.007490636704119788,EXPIRED_BEFORE_TARGET,0,1.8238434163701507,1.026193812654953,0.35853658536583655,0.616260162601611,0.025203252032552487,0.35853658536583655,11.289999999999964,1.3373780005275653,24.0300000000002,24.0300000000002,16,0,0.3560673162090341,-0.002821690628169171,-0.0045705063882875985,-0.006817999518729523,0.0012406837374610471,0.001044994093458818,5,3,0,0
2025-04-24 11:40:00,2025-04-24 09:10:00,BUY,1,3,1.0,3337.12,3314.81,3359.43,3426.3599999999997,0.0,11.0,0.004930524428507408,EXPIRED_BEFORE_TARGET,0,1.2234098846438384,1.090815538976074,0.71972318339101,0.6435986159169488,0.28027681660899,0.07612456747406124,5.529999999999745,1.4794161062817779,22.309999999999945,22.309999999999945,30,0,1.6690777576854328,0.0012211037938223424,0.0014194016906785567,0.0023428207561904113,0.0007005636225421249,0.0009451431804671985,11,3,1,0
2025-04-25 02:00:00,2025-04-25 01:30:00,SELL,-1,2,1.0,3359.49,3370.76,3348.2199999999993,3314.409999999998,0.7,12.0,0.010647737355811477,PARTIAL_WIN_BREAKEVEN,1,1.662111376836349,1.4921561473914629,0.11202466598146853,0.7687564234326829,0.11921891058584862,0.11202466598146853,8.25,1.662526275558953,11.270000000000437,11.270000000000437,6,1,0.3175757575757995,-0.00145049444621137,-0.0013614461054616278,0.003476858282181139,0.0008774956996832362,0.0006177521359318989,2,4,0,0
2025-04-29 04:30:00,2025-04-29 04:00:00,BUY,1,2,1.0,3334.7,3326.81,3342.5899999999997,3366.2599999999993,-1.0,19.0,0.024081115335868576,FULL_LOSS,0,1.493630106897001,1.0754414125200642,0.9823529411764418,0.6999999999999554,0.01764705882355826,0.28235294117648635,6.300000000000182,1.6282925032234299,7.889999999999873,7.889999999999873,6,1,0.20952380952375727,0.001098755944089591,0.0015708205810534004,0.0004950420785765353,0.0005139743035450385,0.000643847014752051,4,1,0,0
2025-05-09 05:50:00,2025-05-09 04:35:00,BUY,1,3,1.0,3305.51,3274.86,3336.1600000000003,3428.1100000000006,0.0,18.0,0.005872756933115806,EXPIRED_BEFORE_TARGET,0,1.3012011087157085,0.9216828478964402,0.7396449704142171,0.6331360946746128,0.2603550295857829,0.10650887573960421,8.769999999999982,1.347644603458557,30.65000000000009,30.65000000000009,15,1,1.1208665906499888,0.00431134013101131,0.007540912651603282,0.004244213954562426,0.0014296921010411435,0.0010263451503394548,5,4,0,0
2025-05-26 15:35:00,2025-05-26 15:25:00,BUY,1,2,1.0,3331.71,3326.37,3337.05,3353.0700000000006,0.7,17.0,0.0318352059925085,PARTIAL_WIN_OPEN_AT_HORIZON,1,1.4521452145216454,1.182677511540998,0.9431818181817908,0.9393939393938298,0.056818181818209225,0.0037878787879609996,3.1099999999996726,1.7407938785270207,5.3400000000001455,5.3400000000001455,2,1,0.6463022508039967,0.0010095092162782926,-0.0009924977961150994,0.0004173773090874189,0.0005574596623507563,0.0004464729519647928,15,0,1,1
2025-06-03 03:35:00,2025-06-03 01:00:00,SELL,-1,3,1.0,3376.14,3392.24,3360.04,3311.7400000000002,0.0,17.0,0.010559006211180185,EXPIRED_BEFORE_TARGET,0,1.272329566168346,1.2641272498953537,0.11174785100283584,0.8538681948424655,0.03438395415469867,0.11174785100283584,3.6599999999998545,2.0974401321222134,16.09999999999991,16.09999999999991,31,0,1.636612021858053,-0.0011804279717052557,-0.002086781745093358,-0.002932603283452573,0.0005349011085144893,0.0004196641967207601,3,1,0,0
2025-06-04 10:05:00,2025-06-04 08:30:00,BUY,1,3,1.0,3361.58,3348.03,3375.1299999999997,3415.779999999999,0.0,17.0,0.012546125461254866,EXPIRED_BEFORE_TARGET,0,1.2643864483709057,1.1007534159111225,0.7692307692307513,0.7487179487179499,0.2307692307692487,0.02051282051280138,4.609999999999673,1.5358675659104843,13.549999999999727,13.549999999999727,19,0,1.5639913232105311,0.0014717098050431865,0.0015850976980329445,0.0030195795265346437,0.0003773348062272193,0.0004893652740970837,10,2,1,0
2025-06-06 03:45:00,2025-06-06 03:00:00,SELL,-1,2,1.0,3358.25,3363.98,3352.52,3335.33,-1.0,17.0,0.029668411867364654,FULL_LOSS,0,2.7287016661428964,1.3853006681514477,0.19354838709680122,0.7419354838708968,0.064516129032302,0.19354838709680122,2.2899999999999636,1.6706904876871078,5.730000000000018,5.730000000000018,9,1,1.4366812227074306,-0.0015222827104957037,-0.001596494253215286,-0.0009608862762831016,0.00037268196084293964,0.0003861117664098318,3,4,0,0
2025-06-12 09:35:00,2025-06-12 09:15:00,BUY,1,2,1.0,3373.14,3365.25,3381.0299999999997,3404.6999999999994,-1.0,17.0,0.021546261089987674,FULL_LOSS,0,1.6224790392025257,1.1385083713850837,0.8910614525138867,0.6452513966479606,0.10893854748611335,0.24581005586592605,5.890000000000327,1.4431951669743246,7.889999999999873,7.889999999999873,4,1,0.27674023769092765,0.0014785520877869107,0.00012452857041211907,-0.0004178334889096691,0.0005565022965406343,0.00039047899701231075,9,3,1,0
2025-06-12 12:45:00,2025-06-12 10:35:00,BUY,1,3,1.0,3365.13,3338.67,3391.59,3470.9700000000003,0.0,17.0,0.006424792139077845,EXPIRED_BEFORE_TARGET,0,2.121407814013581,1.0318096765570703,0.6681887366819206,0.6316590563165887,0.3318112633180795,0.036529680365331885,12.759999999999764,1.4285714285714286,26.460000000000036,26.460000000000036,26,0,0.23746081504704203,0.0012556123192826174,0.0011751825251846704,0.0016788262504130458,0.0003788626849732889,0.0008728473782418871,12,3,1,0
2025-06-19 04:55:00,2025-06-19 04:00:00,SELL,-1,2,1.0,3374.87,3387.93,3361.81,3322.63,0.0,8.0,0.0061255742725880805,EXPIRED_BEFORE_TARGET,0,1.472519875561662,1.0571774054240801,0.06103286384971314,0.9107981220658039,0.028169014084482986,0.06103286384971314,7.2599999999997635,1.4804123711340207,13.059999999999945,13.059999999999945,11,1,0.3567493112947975,-0.0010714845981488752,-0.0016063662988492489,-0.001355250114663642,0.0005744476972177104,0.00043332498494091573,4,3,0,0
2025-06-20 16:20:00,2025-06-20 14:45:00,BUY,1,3,1.0,3355.45,3341.97,3368.93,3409.37,0.7,16.0,0.0118694362017804,PARTIAL_WIN_OPEN_AT_HORIZON,1,1.373760597787075,0.9384251036116045,0.8451882845187855,0.6297071129706354,0.15481171548121453,0.21548117154815,5.900000000000091,1.7207929143821172,13.480000000000018,13.480000000000018,19,0,0.237288135593155,0.0018900487292183854,0.003130063557928553,0.0015132611823136521,0.0006348021629594561,0.000475362801498461,16,4,0,1
2025-06-23 02:00:00,2025-06-23 01:15:00,SELL,-1,3,1.0,3374.39,3386.0,3362.7799999999997,3327.9499999999994,0.7,18.0,0.015503875968992078,PARTIAL_WIN_OPEN_AT_HORIZON,1,1.7010372178157056,1.1459074733096086,0.12769010043040147,0.6714490674319118,0.2008608321376867,0.12769010043040147,3.1599999999998545,1.4543057996485063,11.610000000000127,11.610000000000127,9,0,1.325949367088686,-0.0017217865162224566,-0.0006545045311852071,-0.002639419268647414,0.0015722426357938537,0.0007933156582808544,2,0,0,0
2025-06-23 08:45:00,2025-06-23 08:30:00,BUY,1,3,1.0,3356.38,3347.12,3365.6400000000003,3393.420000000001,0.0,17.0,0.01835853131749417,EXPIRED_BEFORE_TARGET,0,1.3447593935398374,1.4465408805031446,1.0,1.0,0.0,0.0,4.779999999999745,1.6647345235335034,9.260000000000218,9.260000000000218,3,0,0.0983263598326945,0.001339542765425028,-0.0005419570007740848,-0.0005151707359198898,0.0005404758296595132,0.0004484276688681264,8,0,1,0
2025-07-02 16:45:00,2025-07-02 15:15:00,SELL,-1,3,1.0,3337.34,3351.12,3323.5600000000004,3282.220000000001,0.0,15.0,0.01088534107402052,EXPIRED_BEFORE_TARGET,0,2.0745373990096954,1.1407264190029,0.15452261306532822,0.8253768844220702,0.02010050251260157,0.15452261306532822,11.099999999999909,1.7688161309642645,13.779999999999745,13.779999999999745,18,0,0.03693693693692413,-0.001839395362330909,-0.0017826698172463962,-0.003912907221417905,0.0007746101485000894,0.0006564731843370529,16,2,0,1
2025-07-03 13:40:00,2025-07-03 02:20:00,BUY,1,3,1.0,3353.25,3343.9,3362.6,3390.6499999999996,-1.0,15.0,0.016042780748663256,FULL_LOSS,0,1.7382253447828255,0.9695603156708004,0.8682634730538816,0.8293413173652279,0.13173652694611837,0.03892215568865374,3.4399999999996,1.6180235535074243,9.349999999999909,9.349999999999909,27,1,0.07558139534890945,0.0011315256787660655,0.002058953609294756,0.002487346521451883,0.0003408120811202178,0.0005035731564499759,13,3,1,1
2025-07-04 01:35:00,2025-07-04 01:00:00,BUY,1,2,1.0,3326.88,3324.01,3329.75,3338.3599999999997,0.7,16.0,0.05574912891986275,PARTIAL_WIN_BREAKEVEN,1,1.6682926829269387,1.1665004985044867,0.8421052631579087,0.8421052631579087,0.15789473684209127,0.0,2.350000000000364,2.077777777777778,2.869999999999891,2.869999999999891,7,1,0.15744680851056747,0.0006406496729076672,0.0006918167106824136,-6.912906396239205e-05,0.00017886778597888572,0.00017121496031259815,1,4,0,0
2025-07-07 03:00:00,2025-07-07 01:00:00,SELL,-1,1,0.5,3326.58,3342.76,3310.3999999999996,3261.8599999999988,0.7,17.0,0.01050679851668708,PARTIAL_WIN_OPEN_AT_HORIZON,1,2.0273224043716347,1.3663457129756993,0.19407008086247785,0.6145552560647379,0.1913746630727842,0.19407008086247785,6.960000000000036,3.814397816444899,16.18000000000029,16.18000000000029,24,0,1.3247126436781906,1.803686735679655e-05,-0.00048374642072723795,-0.0019351761010252266,0.0003697286308645765,0.0003896728723584961,3,0,0,0
2025-07-07 14:05:00,2025-07-07 13:40:00,BUY,1,2,1.0,3305.79,3296.45,3315.13,3343.1500000000005,0.7,16.0,0.01713062098501044,PARTIAL_WIN_OPEN_AT_HORIZON,1,2.3634142084133307,1.280050947301385,0.7355982274741554,0.6587887740029613,0.2644017725258447,0.07680945347119397,8.040000000000418,1.640267511439634,9.340000000000146,9.340000000000146,5,1,0.03482587064673268,0.0006962333774280793,7.865607028212374e-05,-0.0009519664907795544,0.0008023903917322128,0.000564897031074904,14,0,1,1
2025-07-11 09:45:00,2025-07-11 08:25:00,SELL,-1,3,1.0,3335.58,3343.76,3327.3999999999996,3302.8599999999988,-1.0,12.0,0.014669926650366226,FULL_LOSS,0,1.5246073298428784,1.0121275640065879,0.0,0.9945054945054993,0.00549450549450069,0.0,3.2199999999998,1.8902842035690681,8.180000000000291,8.180000000000291,16,0,0.8695652173914149,-0.0018373771590677324,-0.0018314031780231055,0.0007620670619015169,0.0005661770236701044,0.0004269597178191219,9,4,1,0
2025-07-22 10:55:00,2025-07-22 08:50:00,BUY,1,3,1.0,3387.55,3383.26,3391.84,3404.71,0.0,16.0,0.037296037296037615,EXPIRED_BEFORE_TARGET,0,1.3901827302042062,1.0126167458626905,1.0,0.9226804123710893,0.0,0.07731958762891068,1.7999999999997272,1.5165876777251184,4.289999999999964,4.289999999999964,25,1,0.34444444444468864,0.00046367669035252135,0.0011318903455370677,0.0008183692884027316,0.00021021680455151376,0.0002455657147135336,10,1,1,0
2025-07-25 16:45:00,2025-07-25 16:00:00,BUY,1,2,1.0,3343.62,3336.81,3350.43,3370.8599999999997,-1.0,15.0,0.02202643171806185,FULL_LOSS,0,1.4404945904174407,1.1880872750437967,0.7832618025750748,0.7832618025750748,0.21673819742492517,0.0,3.480000000000018,1.4933650227767876,6.809999999999945,6.809999999999945,9,1,0.5517241379310525,-0.0004693305910875578,0.001431634939080606,0.0015966258174093806,0.0006513787485757385,0.000459315254325322,16,4,0,1
2025-07-28 09:30:00,2025-07-28 08:30:00,SELL,-1,3,1.0,3337.44,3345.2,3329.6800000000003,3306.400000000001,0.0,7.0,0.009020618556701306,EXPIRED_BEFORE_TARGET,0,1.26706717640646,1.1319281811085091,0.1293103448276555,0.8706896551723445,0.0,0.1293103448276555,2.7600000000002183,1.5740740740740742,7.7599999999997635,7.7599999999997635,12,0,0.4420289855071389,-0.0012060560172617585,-0.0011970886803294167,-0.0007126132546065866,0.00042267810965411295,0.00033243810270297287,9,0,1,0
2025-07-29 17:20:00,2025-07-29 16:30:00,BUY,1,3,1.0,3323.21,3311.99,3334.4300000000003,3368.090000000001,0.0,15.0,0.013368983957218947,EXPIRED_BEFORE_TARGET,0,1.5223962627095213,1.0560314562561437,0.8339350180505273,0.7906137184115772,0.1660649819494727,0.04332129963895005,6.980000000000018,1.4749458964541367,11.220000000000255,11.220000000000255,10,1,0.20343839541548267,0.002095734351347467,0.0014404402081706902,0.0003491819810057528,0.0009137770349642645,0.0005793223955784825,17,1,0,1
2025-07-30 15:45:00,2025-07-30 13:00:00,SELL,-1,2,1.0,3320.4,3332.94,3307.86,3270.2400000000002,0.7,5.0,0.003987240829346104,PARTIAL_WIN_OPEN_AT_HORIZON,1,2.0259442960701963,1.1969904240766074,0.20150659133713272,0.6101694915253889,0.1883239171374784,0.20150659133713272,3.6900000000000546,1.7077175697865352,12.539999999999964,12.539999999999964,33,1,2.3035230352303184,-0.0010259310851100656,-0.0019417709191249521,-0.0018427610753548596,0.0005726066510853077,0.0003785669794745227,15,2,1,1
2025-07-31 09:50:00,2025-07-31 09:05:00,SELL,-1,3,1.0,3299.05,3304.94,3293.1600000000003,3275.4900000000007,-1.0,14.0,0.023769100169779803,FULL_LOSS,0,1.4045648357161244,1.0507942049223251,0.31785714285723915,0.6535714285713601,0.028571428571400728,0.31785714285723915,3.869999999999891,1.5530702679890274,5.889999999999873,5.889999999999873,9,1,0.14470284237725095,-0.0007118192282061786,-0.0011414488225213182,4.2438259910237974e-05,0.0005375600739425245,0.000406836886504636,9,3,1,0
2025-08-01 03:40:00,2025-08-01 03:00:00,BUY,1,3,1.0,3292.82,3286.47,3299.1700000000005,3318.2200000000016,-1.0,15.0,0.023622047244093135,FULL_LOSS,0,2.505015763829026,1.3121845710165825,0.7826086956522101,0.7345537757437338,0.2173913043477899,0.048054919908476344,1.9700000000002547,1.7746568783913181,6.350000000000364,6.350000000000364,8,1,1.7766497461926638,0.0012953998102513964,0.001338028597320351,0.00039799362602566113,0.00025928875882197546,0.00030824529434048895,3,4,0,0
2025-08-04 06:00:00,2025-08-04 04:05:00,BUY,1,3,1.0,3356.05,3345.07,3367.03,3399.9700000000003,0.0,11.0,0.010018214936247707,EXPIRED_BEFORE_TARGET,0,1.2737127371273815,1.176911544227886,0.693617021276669,0.693617021276669,0.306382978723331,0.0,2.8200000000001637,1.417584701725213,10.980000000000018,10.980000000000018,23,0,0.8652482269503238,0.0007007186092973239,0.0008529191605606279,0.0013785160364383486,0.00021707248148105434,0.00039356397137360903,6,0,0,0
2025-08-05 05:55:00,2025-08-05 03:00:00,SELL,-1,3,1.0,3373.75,3382.41,3365.09,3339.1100000000006,0.0,15.0,0.017321016166282045,EXPIRED_BEFORE_TARGET,0,1.4197530864198704,0.8460382220313507,0.0,0.8142292490117717,0.18577075098822826,0.0,1.75,1.4839671886651753,8.659999999999854,8.659999999999854,35,0,1.9485714285713454,-0.0005095586688668163,-0.0006605489369012618,-0.0015921257838555913,0.00032734709590946865,0.00030151458012398646,5,1,0,0
2025-08-05 10:55:00,2025-08-05 08:15:00,BUY,1,3,1.0,3373.65,3365.72,3381.5800000000004,3405.3700000000013,-1.0,16.0,0.020176544766707962,FULL_LOSS,0,1.254651780967657,0.9886363636363636,0.6991525423728822,0.6610169491524835,0.30084745762711784,0.038135593220398584,1.5199999999999818,1.5817923186344238,7.930000000000291,7.930000000000291,32,0,3.0263157894736605,6.225099601597783e-05,-0.0001718910684808117,0.0021923375130337153,0.0003609084447235626,0.0003129959498625044,10,1,1,0
2025-08-08 21:15:00,2025-08-08 21:05:00,SELL,-1,2,1.0,3391.15,3404.19,3378.11,3338.9900000000002,0.0,5.0,0.0038343558282208697,EXPIRED_BEFORE_TARGET,0,2.0862148455509706,1.3839224785041626,0.14143646408841706,0.7325966850828702,0.12596685082871267,0.14143646408841706,10.340000000000146,1.5369261477045908,13.039999999999964,13.039999999999964,2,1,0.011605415860724291,-0.002024702548241164,-0.0018983988697903742,-0.0020658177783924314,0.001897352423329083,0.0010114461376275511,21,4,0,1
2025-08-12 16:35:00,2025-08-12 15:45:00,SELL,-1,2,1.0,3340.71,3358.04,3323.38,3271.3900000000003,-1.0,9.0,0.005193306405077921,FULL_LOSS,0,1.319717203456361,1.131784935198255,0.0,0.9449404761904908,0.05505952380950921,0.0,8.190000000000055,1.408844065166796,17.329999999999927,17.329999999999927,10,1,1.0732600732600617,-0.0019091153535896188,-0.002126750760940599,-0.0022131823232142134,0.0010632168683433032,0.00081362791135913,16,1,0,1
2025-08-13 09:00:00,2025-08-13 08:35:00,BUY,1,3,1.0,3351.43,3345.78,3357.0799999999995,3374.0299999999984,0.7,12.0,0.021238938053098712,PARTIAL_WIN_OPEN_AT_HORIZON,1,2.1823617339313515,1.4724524622135544,0.8561643835616225,0.7431506849313575,0.1438356164383775,0.11301369863026499,1.7100000000000364,1.900979613449828,5.649999999999636,5.649999999999636,5,0,1.4093567251460837,0.0014133325365284222,0.0007465070933103668,-4.4755011069486095e-05,0.0003765699098198311,0.000357673003231233,9,2,1,0
2025-08-13 16:35:00,2025-08-13 15:30:00,BUY,1,3,1.0,3361.47,3354.26,3368.6799999999994,3390.309999999998,0.7,5.0,0.006934812760055881,PARTIAL_WIN_BREAKEVEN,1,1.8625043844264837,1.2494564429627482,0.8154425612052677,0.7947269303201211,0.18455743879473224,0.020715630885146604,3.730000000000018,1.4834263209714473,7.209999999999582,7.209999999999582,13,0,0.5844504021447253,0.0014836927862140747,0.002035985977630883,0.0007264001810045606,0.0005101972942874214,0.0004198180389198193,16,2,0,1
2025-08-15 15:55:00,2025-08-15 15:20:00,BUY,1,3,1.0,3342.65,3333.59,3351.71,3378.89,-1.0,15.0,0.016556291390728575,FULL_LOSS,0,1.3224559896951449,1.1678131498960167,0.7467532467533234,0.7435064935064992,0.25324675324667656,0.0032467532468241933,2.169999999999618,1.467993241974845,9.059999999999945,9.059999999999945,7,0,1.3410138248851713,-4.487256192420297e-05,0.0016180987339875497,9.87338136384519e-05,0.000419586907932557,0.00040744166907347526,15,4,1,1
2025-08-21 11:50:00,2025-08-21 09:10:00,BUY,1,3,1.0,3340.47,3334.29,3346.6499999999996,3365.189999999999,-1.0,17.0,0.027508090614887463,FULL_LOSS,0,1.3919942300756343,1.1983082706766917,0.9948186528496274,0.9481865284974521,0.005181347150372604,0.04663212435217534,1.4200000000000728,1.4686040477426052,6.179999999999836,6.179999999999836,32,0,0.7605633802816,0.00016467460298441594,0.00029645334004091417,-0.0001406789705892253,0.00020851314386242302,0.00026513990589167657,11,3,1,0
2025-08-21 15:00:00,2025-08-21 13:40:00,BUY,1,3,1.0,3337.9,3325.17,3350.63,3388.82,0.0,16.0,0.012568735271013336,EXPIRED_BEFORE_TARGET,0,2.08776595744683,1.147396293027361,0.91507430997875,0.91507430997875,0.08492569002125008,0.0,4.6599999999998545,2.1669258683255572,12.730000000000018,12.730000000000018,16,1,0.9077253218884442,0.0015602964563268262,0.0021827702266539184,0.0034873583260679464,0.0003927849289850182,0.0003757449078206381,15,3,1,1
2025-08-22 03:45:00,2025-08-22 03:00:00,BUY,1,3,1.0,3338.54,3335.08,3342.0,3352.38,-1.0,17.0,0.0491329479768781,FULL_LOSS,0,1.5145985401458475,1.0955493308434485,1.0,0.722891566265014,0.0,0.27710843373498595,1.4100000000003092,1.599661447312738,3.4600000000000364,3.4600000000000364,9,1,0.09929078014173189,-0.0001557324516480163,0.0008273926937627518,-0.00014974363889019848,0.00030347056294178837,0.00020031377110016962,3,4,0,0
2025-08-27 03:55:00,2025-08-27 03:00:00,SELL,-1,3,1.0,3389.62,3393.49,3385.75,3374.1400000000003,0.7,17.0,0.04392764857881261,PARTIAL_WIN_OPEN_AT_HORIZON,1,1.3202756619515728,1.3533507397737161,0.104395604395625,0.8241758241757501,0.07142857142862497,0.104395604395625,2.25,1.875350926445817,3.869999999999891,3.869999999999891,11,0,0.022222222222303065,5.605662309005055e-05,-0.0005336981745163172,-0.00036863695747701986,0.0002677188998168292,0.00025195526318710936,3,2,0,0
2025-08-28 03:25:00,2025-08-28 02:00:00,SELL,-1,3,1.0,3395.54,3399.33,3391.75,3380.38,0.7,15.0,0.039577836411609876,PARTIAL_WIN_OPEN_AT_HORIZON,1,1.5620214395099599,1.3113184972481455,0.004901960784197897,0.9166666666666295,0.0784313725491726,0.004901960784197897,2.6900000000000546,1.7690709409320273,3.7899999999999636,3.7899999999999636,17,1,0.0557620817844193,0.0002621772494955099,-7.656516873788544e-05,-0.0008445125808833609,0.0003608120820937461,0.000255531540834487,3,3,0,0
2025-08-28 15:45:00,2025-08-28 14:35:00,SELL,-1,3,1.0,3400.02,3408.75,3391.29,3365.1,-1.0,15.0,0.017182130584192403,FULL_LOSS,0,1.7134717134715791,1.2007848266841072,0.2945368171021152,0.6009501187649529,0.10451306413293196,0.2945368171021152,2.869999999999891,1.4976452119309263,8.730000000000018,8.730000000000018,14,0,1.3972125435541363,-0.0012337628002889733,-0.0023444766887421586,-0.001591571133245706,0.00048420447495340225,0.0003773156350389652,15,3,1,1
2025-09-11 09:05:00,2025-09-11 08:30:00,BUY,1,3,1.0,3632.22,3622.81,3641.6299999999997,3669.859999999999,-1.0,15.0,0.01594048884165806,FULL_LOSS,0,2.7334353815874968,1.3027618551328817,0.9583999999999651,0.9375999999999476,0.04160000000003492,0.02080000000001746,5.650000000000091,1.7884816753926702,9.409999999999854,9.409999999999854,7,0,0.18938053097339677,0.0017153888582459587,-9.91031167930645e-05,0.0005729806563934403,0.0004100039700182257,0.0003729664750760656,9,3,1,0
2025-09-15 05:05:00,2025-09-15 04:10:00,BUY,1,1,0.5,3639.47,3626.69,3652.2499999999995,3690.589999999999,0.0,15.0,0.011737089201878168,EXPIRED_BEFORE_TARGET,0,1.3713696511427318,0.9784294374735656,0.8696741854636566,0.844611528822074,0.13032581453634343,0.02506265664158259,4.7199999999998,1.6082029141932004,12.779999999999745,12.779999999999745,11,0,1.7076271186441285,0.0015107402902601041,0.0021063819242141957,0.0024790178682099206,0.0004746742257108234,0.0004025107179394015,5,0,0,0
2025-09-15 11:55:00,2025-09-15 09:15:00,BUY,1,3,1.0,3645.47,3633.81,3657.1299999999997,3692.109999999999,0.0,15.0,0.012864493996569628,EXPIRED_BEFORE_TARGET,0,1.8577075098814884,1.0279426668597074,0.9255319148935681,0.8723404255317965,0.07446808510643187,0.05319148936177161,2.1900000000000546,1.4845191716218988,11.659999999999854,11.659999999999854,32,0,1.2785388127852317,0.0009885031590912696,0.0010407284549986962,0.0004390936010341129,0.00023998757436400215,0.00031690558857371833,11,0,1,0
2025-09-17 21:50:00,2025-09-17 21:00:00,SELL,-1,3,1.0,3646.97,3707.42,3586.5199999999995,3405.1699999999987,0.0,5.0,0.0008271298593879202,EXPIRED_BEFORE_TARGET,0,1.236637785529453,1.1884711184912822,0.06824385805277378,0.7734303912647695,0.1583257506824567,0.06824385805277378,46.340000000000146,2.099144195058938,60.45000000000027,60.45000000000027,10,0,0.09689253344842949,-0.005038958487930567,-0.010287987668526566,-0.010886575122521558,0.0021109642051108336,0.0011005102779662243,21,2,0,1
2025-09-18 11:35:00,2025-09-18 09:00:00,BUY,1,3,1.0,3660.75,3633.83,3687.67,3768.4300000000003,0.0,14.0,0.005200594353640403,EXPIRED_BEFORE_TARGET,0,1.5450221420370844,1.0365335598980459,0.8152866242038462,0.787685774946923,0.18471337579615374,0.02760084925692317,8.220000000000255,1.399373414888856,26.920000000000073,26.920000000000073,31,0,1.0742092457420502,0.0014033187256881074,0.0015868890135295466,0.0021956180719626683,0.0005553454196468376,0.0006082349415206903,11,3,1,0
2025-09-22 04:25:00,2025-09-22 04:10:00,SELL,-1,2,1.0,3690.09,3696.9,3683.28,3662.8500000000004,-1.0,15.0,0.02202643171806185,FULL_LOSS,0,1.6656751933371725,1.219646799116998,0.0809523809524191,0.7642857142857561,0.15476190476182486,0.0809523809524191,2.8600000000001273,1.5438277221716712,6.809999999999945,6.809999999999945,3,1,0.8706293706292555,-0.0012369203120178307,-0.00014360730717322134,0.00014635931211115505,0.00042354829963418356,0.0003890314012490476,4,0,0,0
2025-10-03 03:30:00,2025-10-03 02:35:00,SELL,-1,3,1.0,3856.99,3863.82,3850.1599999999994,3829.6699999999983,0.7,14.0,0.02049780380673385,PARTIAL_WIN_BREAKEVEN,1,1.5700827861832423,1.1554109031733115,0.19636363636362314,0.6000000000000331,0.2036363636363438,0.19636363636362314,3.0599999999999454,1.7530088958660388,6.830000000000382,6.830000000000382,11,0,0.9052287581700934,-0.0008910924430698408,-0.0008470932009762011,-0.0007590830898049905,0.00031386175605969377,0.0002877400716100899,3,4,0,0
2025-10-14 03:00:00,2025-10-14 02:35:00,SELL,-1,3,1.0,4121.29,4132.11,4110.47,4078.010000000001,-1.0,5.0,0.0046210720887247085,FULL_LOSS,0,2.63352001092759,1.4111261872455902,0.11618257261409262,0.6732365145227761,0.21058091286313133,0.11618257261409262,5.3400000000001455,1.6593198992443323,10.819999999999709,10.819999999999709,5,1,0.8426966292134602,-0.002517129794345596,-0.0012069011480102532,0.0015285540704739198,0.0009319901492357811,0.0006436093538726144,3,1,0,0
2025-10-20 04:00:00,2025-10-20 01:00:00,SELL,-1,1,0.5,4234.22,4274.11,4194.330000000001,4074.6600000000026,0.0,7.0,0.001754825770869918,EXPIRED_BEFORE_TARGET,0,2.3699076227819793,1.242057307277305,0.12899607403254018,0.8575434660684255,0.013460459899034364,0.12899607403254018,35.07999999999993,2.565207530052166,39.88999999999942,39.88999999999942,36,0,0.13711516533635976,-0.002450160438390192,0.0017602051680003505,-0.0005240248888216392,0.0015119620656146987,0.0013026052904933003,4,0,0,0
2025-10-23 03:20:00,2025-10-23 01:00:00,SELL,-1,1,0.5,4071.19,4116.35,4026.0299999999997,3890.549999999999,0.0,5.0,0.0011071744906997268,EXPIRED_BEFORE_TARGET,0,2.314001171646147,1.2962025316455696,0.3164556962025371,0.6594936708860919,0.024050632911370946,0.3164556962025371,20.830000000000382,2.396576319543509,45.16000000000031,45.16000000000031,28,0,1.1680268843014634,-0.005097689422172258,-0.004676895695202354,-0.004277664185018071,0.0010653585588769453,0.0012135995218038357,3,3,0,0
2025-11-13 01:35:00,2025-11-13 01:00:00,SELL,-1,3,1.0,4189.1,4208.15,4170.050000000001,4112.900000000003,-1.0,5.0,0.0026246719160105993,FULL_LOSS,0,1.4417989417989387,1.2040332147093713,0.06238532110094622,0.8568807339449961,0.08073394495405771,0.06238532110094622,10.4399999999996,2.180934686294126,19.049999999999272,19.049999999999272,7,0,0.5814176245210672,-0.0011754803852140894,-0.0042500796295678045,-0.0020725141740911557,0.0009355196343058616,0.0007430524863883877,1,3,0,0
2025-11-20 04:00:00,2025-11-20 01:00:00,SELL,-1,3,1.0,4070.82,4110.44,4031.2000000000007,3912.3400000000024,0.0,17.0,0.004290762241292338,EXPIRED_BEFORE_TARGET,0,2.2944078947367754,1.22438717787555,0.021505376344107492,0.9318996415770405,0.04659498207885202,0.021505376344107492,10.059999999999945,1.5838773772353107,39.619999999999436,39.619999999999436,36,1,0.7226640159045746,-0.005912044600405841,-0.005068971248130216,-0.00868866431267501,0.0008605413552401626,0.0008709229679921941,4,3,0,0
2025-11-24 01:45:00,2025-11-24 01:00:00,BUY,1,2,1.0,4074.57,4065.84,4083.3,4109.49,-1.0,16.0,0.0183276059564719,FULL_LOSS,0,1.4326716096628265,1.1255411255411254,0.9165275459098531,0.8297161936561033,0.08347245409014696,0.0868113522537498,6.549999999999727,1.6396292004634996,8.730000000000018,8.730000000000018,9,1,0.3175572519084685,0.0017849635262618957,0.00033634488853984124,0.0021471577828935384,0.0005935230066561303,0.000805646755033672,1,0,0,0
2025-12-09 04:30:00,2025-12-09 03:00:00,SELL,-1,2,1.0,4187.46,4196.65,4178.27,4150.700000000002,-1.0,17.0,0.018498367791078066,FULL_LOSS,0,1.9027320286765017,1.2605785019578122,0.2973523421588757,0.6272912423625292,0.07535641547859508,0.2973523421588757,7.489999999999782,1.8855971678777714,9.1899999999996,9.1899999999996,18,1,0.19626168224303037,-0.0012902856515941696,-0.0021089957605611165,-0.0017926187967521878,0.0003975050490924362,0.0003091363383159751,4,1,0,0
2025-12-10 17:00:00,2025-12-10 16:35:00,BUY,1,1,0.5,4198.89,4191.5,4206.280000000001,4228.450000000002,-1.0,0.0,0.0,FULL_LOSS,0,2.0542986425338863,1.2407585036523279,0.7389867841409791,0.6949339207048955,0.26101321585902093,0.04405286343608363,4.880000000000109,1.6881962071362746,7.390000000000327,7.390000000000327,5,0,0.5143442622951152,-0.00043563960463921525,0.0007102154240679059,-0.0002833279366106778,0.0008545577437769808,0.0005035067232264649,17,2,0,1
2025-12-10 21:25:00,2025-12-10 21:05:00,SELL,-1,2,1.0,4198.81,4219.75,4177.870000000001,4115.050000000002,-1.0,0.0,0.0,FULL_LOSS,0,2.9144888145517305,1.8981688995135881,0.26470588235296805,0.6061692969870524,0.12912482065997963,0.26470588235296805,15.1899999999996,3.0474862161396477,20.9399999999996,20.9399999999996,4,1,0.3285055957866961,-0.0032001595331754285,0.0010227630336725468,0.0005409218070124844,0.0012150473003748967,0.0006827602539827249,21,2,0,1
2025-12-11 04:25:00,2025-12-11 02:10:00,SELL,-1,3,1.0,4229.92,4247.63,4212.21,4159.08,0.7,0.0,0.0,PARTIAL_WIN_OPEN_AT_HORIZON,1,1.2213125754932528,0.7054165291839605,0.0637362637362532,0.6527472527472826,0.2835164835164642,0.0637362637362532,6.6899999999996,3.8832729353423616,17.710000000000036,17.710000000000036,27,1,1.0732436472347864,-0.0009235136979991454,-0.0020078189329539864,-0.0014824606959066289,0.0003898257987720812,0.0004971923699320078,4,3,0,0
2025-12-12 14:45:00,2025-12-12 12:45:00,SELL,-1,3,1.0,4324.99,4339.23,4310.75,4268.030000000001,-1.0,4.0,0.002808988764044987,FULL_LOSS,0,1.3463926058767743,0.9067400275103163,0.03073770491795755,0.7008196721311468,0.26844262295089566,0.03073770491795755,3.589999999999236,1.5705013119734843,14.239999999999782,14.239999999999782,24,1,0.5292479108637744,-0.0012377752375675177,-0.002095028460546322,-0.0027944875735224084,0.0004190068407088731,0.0005721635071737197,14,4,1,1
2025-12-16 09:30:00,2025-12-16 07:30:00,BUY,1,1,0.5,4286.58,4271.54,4301.62,4346.74,0.0,4.0,0.002659574468085113,EXPIRED_BEFORE_TARGET,0,2.1386138613862835,1.0871138996138996,0.9259259259258683,0.7905982905982674,0.07407407407413165,0.135327635327601,9.609999999999673,2.6286307823570874,15.039999999999964,15.039999999999964,24,0,0.565036420395471,0.00040841760349885625,-0.000587535846681253,-0.000960216281725601,0.0004016444710524419,0.0005184071968599428,9,1,1,0
2025-12-17 02:05:00,2025-12-16 21:25:00,BUY,1,1,0.5,4312.13,4297.29,4326.97,4371.490000000001,0.7,4.0,0.002695417789757386,PARTIAL_WIN_BREAKEVEN,1,1.3941416388582462,1.6423121686279583,0.9574468085106794,0.8404255319148062,0.04255319148932053,0.11702127659587334,12.539999999999964,2.011263073209976,14.840000000000146,14.840000000000146,33,0,0.1834130781499353,0.0014073157194380848,0.002098487137180083,0.0017818727552352254,0.0003329122364432619,0.00044955671565258444,2,2,0,0
2025-12-18 19:05:00,2025-12-18 18:10:00,SELL,-1,3,1.0,4329.79,4374.63,4284.95,4150.429999999999,0.0,4.0,0.0008920606601248856,EXPIRED_BEFORE_TARGET,0,4.542936288088736,1.4747427187731217,0.014831905075801448,0.961766644693479,0.02340145023071961,0.014831905075801448,21.80999999999949,1.4980254108180864,44.840000000000146,44.840000000000146,11,0,0.7574507106832106,-0.00676715703704045,-0.009024494074457268,-0.003897182479703054,0.0014041714394475906,0.0011132981552679747,19,3,0,1
2025-12-19 14:05:00,2025-12-19 11:55:00,SELL,-1,3,1.0,4321.6,4331.71,4311.490000000001,4281.160000000002,-1.0,4.0,0.003956478733926933,FULL_LOSS,0,2.1145564168823454,1.2051467153594633,0.048879837067342946,0.6720977596738816,0.2790224032587754,0.048879837067342946,2.4700000000002547,1.7743221690590112,10.109999999999673,10.109999999999673,26,1,2.3036437246959567,-0.0015156556134707788,-0.0011440986467277092,-0.0010494343687443841,0.00028712874549870226,0.0003112789668837835,14,4,1,1
2025-12-22 02:15:00,2025-12-19 22:40:00,BUY,1,3,1.0,4362.14,4336.47,4387.81,4464.820000000001,0.7,4.0,0.001558239189715617,PARTIAL_WIN_OPEN_AT_HORIZON,1,1.7828381005276857,1.0055423594615995,0.9750778816199607,0.7383177570093035,0.024922118380039358,0.2367601246106572,2.8599999999996726,1.972733691814676,25.670000000000073,25.670000000000073,20,0,7.146853146854143,0.0032428404522497623,0.005038857029631805,0.005752572518151311,0.0007794303026890981,0.000547752621005843,2,0,0,0
2025-12-22 14:50:00,2025-12-22 13:20:00,BUY,1,3,1.0,4414.32,4406.23,4422.41,4446.68,0.7,4.0,0.0049443757725586256,PARTIAL_WIN_BREAKEVEN,1,1.2154006243496613,0.9681760607979734,0.8013698630137285,0.7876712328764435,0.1986301369862715,0.013698630137284971,1.8599999999996726,1.7177242888402624,8.090000000000146,8.090000000000146,18,0,2.263440860215472,0.0011226093523564185,0.0010340698813540161,0.001202081188109716,0.00047467223087425546,0.00033684732236477624,14,0,1,1
2025-12-24 15:05:00,2025-12-24 15:00:00,SELL,-1,2,1.0,4484.02,4493.49,4474.550000000001,4446.140000000003,0.7,4.0,0.00422386483632553,PARTIAL_WIN_OPEN_AT_HORIZON,1,3.702127659574529,1.8622775386762824,0.09291187739466397,0.8314176245210454,0.0756704980842906,0.09291187739466397,5.079999999999927,2.245417675354482,9.469999999999345,9.469999999999345,1,1,0.7362204724409125,-0.0017453794196611305,-0.0020408662887612117,-0.002216298247878057,0.00039896764761203606,0.0005551241692445105,15,2,1,1
2025-12-26 03:10:00,2025-12-26 03:00:00,SELL,-1,2,1.0,4510.16,4531.3,4489.0199999999995,4425.5999999999985,0.0,23.0,0.01087984862819283,EXPIRED_BEFORE_TARGET,0,3.056239737274271,2.4406705856738515,0.10275352585626002,0.6218938885157834,0.2753525856279566,0.10275352585626002,9.110000000000582,3.196972427464408,21.140000000000327,21.140000000000327,2,1,0.7859495060372554,-0.001677830065475172,0.00059456725265572,0.001532223322659565,0.000853553801201888,0.0008338567409973721,3,4,0,0
2025-12-26 05:25:00,2025-12-26 03:15:00,SELL,-1,3,1.0,4502.98,4518.26,4487.699999999999,4441.859999999997,-1.0,23.0,0.015052356020941763,FULL_LOSS,0,1.2742491383555492,1.051429594966751,0.01081916537862538,0.9366306027820961,0.05255023183927854,0.01081916537862538,6.350000000000364,1.8662915326902465,15.280000000000655,15.280000000000655,26,0,0.8881889763779535,-0.001965934151179849,-0.0012686583715927346,0.0002154593170604624,0.000619786174327113,0.0009603772862340173,5,4,0,0
2025-12-26 15:55:00,2025-12-26 13:25:00,BUY,1,2,1.0,4525.13,4503.7,4546.56,4610.850000000001,0.7,4.0,0.0018665422305179401,PARTIAL_WIN_OPEN_AT_HORIZON,1,1.200513838608065,1.0192810774149792,0.8521400778209787,0.7898832684825178,0.14785992217902139,0.06225680933846081,6.730000000000473,1.5863396549265651,21.43000000000029,21.43000000000029,30,1,2.148588410103866,0.0007452850217615214,0.001624688177183975,0.0036218062455641853,0.0006839565809387658,0.000541088495730132,15,4,1,1
2025-12-29 14:05:00,2025-12-29 13:45:00,BUY,1,3,1.0,4455.71,4441.71,4469.71,4511.71,-1.0,4.0,0.002857142857142857,FULL_LOSS,0,1.3700481459583576,1.351481570705854,0.9223181257706456,0.7694204685572544,0.07768187422935437,0.15289765721339116,6.270000000000437,1.598261443661972,14.0,14.0,4,0,0.37161084529501837,0.0016748121737488741,0.0017266070597545813,-0.000930522482768481,0.0011852338283283765,0.000925890373361799,14,0,1,1
2025-12-29 15:10:00,2025-12-29 15:00:00,SELL,-1,2,1.0,4457.71,4466.79,4448.63,4421.39,1.9,4.0,0.00440528634361237,FULL_TARGET,1,1.670781893004018,1.104951170625613,0.10541871921179777,0.7536945812807794,0.14088669950742289,0.10541871921179777,7.149999999999636,1.5599470585550637,9.079999999999927,9.079999999999927,2,1,0.1930069930070181,-0.0014918118345925713,-0.001033094892342934,0.0011521410058887849,0.00045823981704537584,0.0008349225308318128,15,0,1,1
2025-12-30 10:00:00,2025-12-30 07:30:00,SELL,-1,3,1.0,4366.22,4383.4,4349.040000000001,4297.500000000003,-1.0,4.0,0.002328288707799851,FULL_LOSS,0,1.6574685605717545,0.8614808652246256,0.2914847161572178,0.6855895196506381,0.022925764192144073,0.2914847161572178,6.0900000000001455,3.021370670596905,17.17999999999938,17.17999999999938,30,1,0.9704433497536475,-0.0035692605423266466,-0.0011118533634707495,0.0006095940012282863,0.000869141147935119,0.0006827525178036023,10,1,1,0
2025-12-31 18:00:00,2025-12-31 16:30:00,SELL,-1,2,1.0,4328.11,4353.35,4302.869999999999,4227.149999999997,0.0,4.0,0.0015847860538826825,EXPIRED_BEFORE_TARGET,0,1.6110846974121626,1.1099170500722035,0.018549747048849177,0.7833052276560051,0.19814502529514574,0.018549747048849177,14.659999999999854,1.6574263203968485,25.24000000000069,25.24000000000069,18,1,0.34311050477494576,-0.0006095941811464778,-0.0021418361230229888,-0.0020198899206109733,0.000870481940332409,0.0009245235136486213,18,2,0,1
2026-01-02 01:05:00,2025-12-31 22:45:00,BUY,1,3,1.0,4333.16,4306.94,4359.38,4438.040000000001,0.0,4.0,0.0015255530129671857,EXPIRED_BEFORE_TARGET,0,1.2410403440508955,0.5046217320585552,0.9488448844883862,0.9471947194718486,0.051155115511613815,0.0016501650165375607,6.529999999999745,1.4874425185709232,26.220000000000255,26.220000000000255,16,0,1.7503828483921495,0.0037340399903638133,0.004038714192037052,0.004781404926099242,0.0007042302575094685,0.0008266642274551341,1,4,0,0
2026-01-02 09:20:00,2026-01-02 08:15:00,SELL,-1,3,1.0,4372.56,4380.08,4365.040000000001,4342.480000000002,-1.0,4.0,0.0053191489361705474,FULL_LOSS,0,1.2170723574526934,1.0484733766768168,0.15616438356178994,0.6410958904106537,0.20273972602755633,0.15616438356178994,4.369999999999891,2.041163644099346,7.519999999999527,7.519999999999527,13,0,0.2334096109838793,-0.00012119576775226903,-0.00042062911484985754,-0.0012448578235316754,0.00044470269364416126,0.0004211023795157569,9,4,1,0
2026-01-06 13:30:00,2026-01-06 11:45:00,BUY,1,3,1.0,4460.51,4442.6,4478.42,4532.15,0.7,4.0,0.002233389168062553,PARTIAL_WIN_OPEN_AT_HORIZON,1,1.6818181818182547,1.1144711609381914,0.9543918918919724,0.8344594594595353,0.04560810810802766,0.1199324324324371,10.729999999999563,1.8556361239288068,17.909999999999854,17.909999999999854,21,1,0.3942218080149716,0.002253689489673194,0.001848491110172823,0.0020420450103562082,0.0003687827813381467,0.0005515000567277009,13,1,1,1
2026-01-08 08:30:00,2026-01-08 07:30:00,BUY,1,3,1.0,4431.65,4415.67,4447.629999999999,4495.569999999998,0.0,4.0,0.0025031289111389922,EXPIRED_BEFORE_TARGET,0,1.6620549714075423,1.0957613814756673,0.613762486126483,0.613762486126483,0.38623751387351707,0.0,7.539999999999964,2.704081632653061,15.979999999999563,15.979999999999563,12,0,0.6419098143235092,0.002252532402769125,0.00294434486629358,0.0019171770472308225,0.000873812589273015,0.0005771501529378951,8,3,1,0
2026-01-08 14:35:00,2026-01-08 14:00:00,BUY,1,3,1.0,4428.14,4407.73,4448.550000000001,4509.780000000003,0.7,4.0,0.001959823615874498,PARTIAL_WIN_OPEN_AT_HORIZON,1,1.525992821581539,1.3084220268394262,0.9059180576631446,0.6176024279211728,0.0940819423368554,0.28831562974197184,7.650000000000546,2.00840692607304,20.410000000000764,20.410000000000764,7,1,0.6758169934640136,0.002864914199783186,0.0021862722022054637,0.00018973189076865182,0.0007690798899134756,0.0006139602908544566,14,3,1,1
2026-01-08 15:15:00,2026-01-08 15:05:00,BUY,1,2,1.0,4425.77,4417.32,4434.220000000001,4459.570000000003,0.7,4.0,0.00473372781065048,PARTIAL_WIN_BREAKEVEN,1,1.4522526187328522,1.175929122080313,0.7507002801120919,0.7366946778711453,0.24929971988790808,0.014005602240946668,5.8100000000004,1.6448246872063697,8.450000000000728,8.450000000000728,2,1,0.3012048192770877,0.00044305700290014904,-0.000623231636682875,0.0026915034130892135,0.0006883355772808105,0.0006219247652290201,15,3,1,1
2026-01-09 14:10:00,2026-01-09 14:00:00,SELL,-1,2,1.0,4474.23,4480.45,4468.009999999999,4449.3499999999985,0.7,4.0,0.0064308681672023095,PARTIAL_WIN_BREAKEVEN,1,2.1241326137240955,1.4933518555268903,0.3920145190562194,0.6079854809437806,0.0,0.3920145190562194,3.430000000000291,1.6370106761565837,6.220000000000255,6.220000000000255,2,1,0.3352769679301598,-0.00025696142003595046,0.0007985398129135568,0.0004762863084455393,0.0002642621617861789,0.0003722683114580027,14,4,1,1
2026-01-14 01:00:00,2026-01-13 22:30:00,BUY,1,2,1.0,4591.74,4569.58,4613.9,4680.379999999999,0.7,40.0,0.01805054151624561,PARTIAL_WIN_OPEN_AT_HORIZON,1,1.273267326732551,0.3806261914762997,0.8771384136858414,0.8771384136858414,0.12286158631415857,0.0,18.13000000000011,1.8214361414003437,22.159999999999854,22.159999999999854,18,1,0.1456150027578269,0.000860980995206706,0.001013714577215552,0.0009417057954144159,0.00033211635923033225,0.0008980687479685651,1,2,0,0
2026-01-14 10:05:00,2026-01-14 07:30:00,SELL,-1,1,0.5,4624.37,4639.7,4609.04,4563.05,0.0,4.0,0.0026092628832354984,EXPIRED_BEFORE_TARGET,0,1.9722901385493938,1.4354244684472781,0.0,0.9297520661156745,0.07024793388432547,0.0,7.809999999999491,2.08145715543217,15.329999999999927,15.329999999999927,31,0,0.962868117797814,-0.0020824251945396055,-0.0026527658858620518,-0.0016838760235483585,0.0003541222134777717,0.0007669365893099945,10,2,1,0
2026-01-14 15:20:00,2026-01-14 15:15:00,BUY,1,2,1.0,4635.01,4627.58,4642.4400000000005,4664.730000000001,-1.0,4.0,0.0053835800807534905,FULL_LOSS,0,1.8744647008441966,1.2316531479335653,0.969973890339482,0.8420365535247964,0.03002610966051799,0.12793733681468558,4.140000000000327,1.7188215539612273,7.430000000000291,7.430000000000291,1,1,0.7560386473429618,0.001129643309185413,-0.00028039540065272206,-0.0007760945628106919,0.0005063425890315207,0.0004506475974959641,15,2,1,1
2026-01-16 09:05:00,2026-01-16 07:30:00,BUY,1,3,1.0,4606.29,4594.11,4618.47,4655.010000000001,0.0,4.0,0.0032840722495894124,EXPIRED_BEFORE_TARGET,0,1.201803833145408,0.7006888378638619,0.992495309568487,0.9906191369605661,0.007504690431512977,0.0018761726079209035,7.039999999999964,2.566306843159283,12.180000000000291,12.180000000000291,19,0,0.38920454545451644,0.002055760043856214,0.00023234503454760969,-0.0003190270326579592,0.0007364428654166486,0.000521562839642163,9,4,1,0
2026-01-19 14:15:00,2026-01-19 13:45:00,BUY,1,3,1.0,4670.1,4659.68,4680.52,4711.780000000001,0.0,4.0,0.0038387715930901845,EXPIRED_BEFORE_TARGET,0,2.028005794302121,1.5627813906953476,0.6873015873016551,0.6730158730160605,0.31269841269834486,0.01428571428559467,4.800000000000182,2.184019647038666,10.420000000000073,10.420000000000073,6,1,0.8416666666666272,0.0015849152102533903,0.0016149891583399079,0.0016364716555816727,0.0004320029015984111,0.00041104559274208124,14,0,1,1
2026-01-19 17:50:00,2026-01-19 16:30:00,BUY,1,3,1.0,4674.92,4663.9,4685.9400000000005,4719.000000000002,0.0,4.0,0.0036297640653356095,EXPIRED_BEFORE_TARGET,0,1.2887989203780226,0.8588017095395534,0.9973821989528229,0.636125654450235,0.0026178010471771362,0.3612565445025879,3.199999999999818,1.5076923076923077,11.020000000000437,11.020000000000437,16,0,1.425000000000206,0.0011285642392899753,0.002154400872907525,0.0014159299618061727,0.00038374713343115863,0.0003426375397734242,17,0,0,1
2026-01-21 08:40:00,2026-01-21 07:30:00,SELL,-1,3,1.0,4861.63,4888.43,4834.83,4754.429999999999,0.7,4.0,0.0014925373134328256,PARTIAL_WIN_BREAKEVEN,1,1.4249103024090743,1.449530221574637,0.2579650565262175,0.6875642343267497,0.054470709147032795,0.2579650565262175,13.900000000000546,1.8114053693715533,26.800000000000182,26.800000000000182,14,1,0.1640287769783925,-0.004563956821569515,-0.0020424585042224663,-0.0019338746266205353,0.000975778255275948,0.0008879407936334872,8,2,1,0
2026-01-21 08:55:00,2026-01-21 08:45:00,SELL,-1,2,1.0,4847.68,4865.98,4829.380000000001,4774.480000000003,-1.0,4.0,0.002185792349726863,FULL_LOSS,0,2.2197771970843236,1.2722774545287947,0.11771995043373651,0.8345724907062622,0.047707558860001296,0.11771995043373651,8.550000000000182,1.5159781761496491,18.299999999999272,18.299999999999272,2,1,0.7426900584794526,-0.0028694079969063813,-0.007420268964274501,-0.0045647660839727155,0.0010151913796141927,0.0009066828679812904,8,2,1,0
2026-01-21 15:35:00,2026-01-21 15:00:00,BUY,1,1,0.5,4878.27,4858.34,4898.200000000001,4957.990000000002,-1.0,4.0,0.00200702458605115,FULL_LOSS,0,1.4298002484946233,1.0621781183268433,0.9692513368984523,0.91310160427824,0.03074866310154771,0.05614973262021227,7.050000000000182,2.6578783905031402,19.93000000000029,19.93000000000029,7,0,1.8269503546098975,0.0030080351341794653,0.001961501174846836,0.002428875258145169,0.0008301732746536243,0.000604226536322332,15,2,1,1
2026-01-26 07:45:00,2026-01-26 07:30:00,BUY,1,2,1.0,5072.0,5053.15,5090.85,5147.4000000000015,0.7,4.0,0.0021220159151193224,PARTIAL_WIN_OPEN_AT_HORIZON,1,1.9678945105345516,1.5402993807596663,0.9949016751638957,0.8914785142024888,0.005098324836104238,0.10342316096140698,11.329999999999927,1.9332665818742727,18.850000000000364,18.850000000000364,3,1,0.4969108561341699,0.0016707678817586835,0.003557564077704356,0.0016964851750105314,0.0008713935493464645,0.0008334092557873537,7,0,1,0
2026-01-26 10:50:00,2026-01-26 08:45:00,SELL,-1,2,1.0,5083.05,5111.03,5055.070000000001,4971.130000000002,0.0,4.0,0.0014295925661186786,EXPIRED_BEFORE_TARGET,0,2.0651223776223078,1.2793388429752066,0.31216931216929894,0.6201058201057974,0.06772486772490367,0.31216931216929894,17.969999999999345,1.3991817199320673,27.979999999999563,27.979999999999563,25,1,0.5036171396772683,-0.002504018006950881,-0.002631238153541826,-0.0017890246967887657,0.0005915180169247703,0.0011109248459697805,10,0,1,0
2026-01-29 03:00:00,2026-01-29 01:15:00,SELL,-1,3,1.0,5468.57,5598.03,5339.11,4950.73,0.0,4.0,0.00030897574540398573,EXPIRED_BEFORE_TARGET,0,1.8440781956770056,1.2603305785123966,0.01459854014597988,0.879307418095405,0.1060940417586151,0.01459854014597988,22.68000000000029,1.7932282911871733,129.46000000000004,129.46000000000004,21,0,0.21737213403881075,-0.006307147737349417,-0.009539523730176525,-0.0030463349181810706,0.002817566391258773,0.0035922029001173184,3,3,0,0
2026-01-29 17:05:00,2026-01-29 15:00:00,SELL,-1,3,1.0,5415.71,5549.76,5281.66,4879.509999999999,0.7,4.0,0.00029839612085042855,PARTIAL_WIN_OPEN_AT_HORIZON,1,3.1637267080745453,0.9730779533886953,0.11606722161143897,0.6679754986649866,0.21595727972357442,0.11606722161143897,13.029999999999745,1.7865685742426984,134.05000000000018,134.05000000000018,25,0,8.633154259401534,-0.01626447481949045,-0.021000094000592995,-0.021930093875177525,0.0031053301810389415,0.0019180831340514985,17,3,0,1
2026-01-30 03:55:00,2026-01-30 02:30:00,SELL,-1,2,1.0,5301.47,5436.44,5166.500000000001,4761.590000000003,0.7,4.0,0.000296362154552865,PARTIAL_WIN_OPEN_AT_HORIZON,1,1.9713195846847298,0.9634272332805289,0.2210264900662325,0.758071192052987,0.02090231788078052,0.2210264900662325,16.469999999999345,1.6357868603742358,134.96999999999935,134.96999999999935,17,1,6.795385549484185,-0.009011753974069503,-0.010413905615930474,-0.01954993175740405,0.004168144844586141,0.002956067888453319,3,4,0,0
2026-02-02 10:05:00,2026-02-02 07:50:00,BUY,1,3,1.0,4618.29,4402.14,4834.44,5482.8899999999985,0.0,4.0,0.00018505667360629223,EXPIRED_BEFORE_TARGET,0,1.4081666099365755,1.0821771210784221,0.8710832587287397,0.7606087735004472,0.12891674127126032,0.11047448522829245,72.19999999999982,1.6511805859204198,216.14999999999964,216.14999999999964,27,0,0.6626038781163471,0.0042970253537544245,0.010894118883139292,0.014201887728883866,0.004463734458614607,0.005772664441144414,10,0,1,0
2026-02-02 19:15:00,2026-02-02 16:35:00,SELL,-1,2,1.0,4678.06,4794.23,4561.890000000001,4213.380000000004,0.0,4.0,0.00034432297495050606,EXPIRED_BEFORE_TARGET,0,1.366149879567102,1.029810298102981,0.11696051651353592,0.7377700521480106,0.14526943133845352,0.11696051651353592,42.43000000000029,1.3515694686318651,116.16999999999916,116.16999999999916,32,1,1.7009191609709797,0.0012263688566518383,0.004487713542158822,-0.00159640084173851,0.003790563800324113,0.003994233281858358,19,0,0,1
2026-02-03 01:00:00,2026-02-02 22:55:00,BUY,1,2,1.0,4701.15,4643.83,4758.469999999999,4930.4299999999985,0.7,27.0,0.004710397766922564,PARTIAL_WIN_OPEN_AT_HORIZON,1,3.214828675008746,0.6579806026238215,0.7739177882866426,0.7739177882866426,0.2260822117133574,0.0,34.61999999999989,1.5276998012230096,57.31999999999971,57.31999999999971,13,1,0.5444829578278312,0.0077794403261834955,0.006827619734990575,0.009718851349900026,0.0017283868356836613,0.002718050524354131,1,1,0,0
2026-02-04 08:20:00,2026-02-04 07:40:00,SELL,-1,3,1.0,5057.34,5090.46,5024.22,4924.860000000001,-1.0,4.0,0.0012077294685990379,FULL_LOSS,0,1.553923463471125,1.299462379290137,0.26616915422887,0.6915422885572552,0.04228855721387482,0.26616915422887,10.430000000000291,1.737079845888136,33.11999999999989,33.11999999999989,8,0,1.8092042186001307,-0.0013960165152504533,-0.005842274319548091,-0.004441032303785453,0.0012471090242309611,0.0012747203812069625,8,2,1,0
2026-02-04 15:45:00,2026-02-04 13:15:00,BUY,1,1,0.5,5050.58,5013.69,5087.47,5198.140000000001,-1.0,4.0,0.001084304689617773,FULL_LOSS,0,1.3270437452716703,1.1063053894754695,1.0,0.9134808853118728,0.0,0.08651911468812717,30.410000000000764,1.916830269498483,36.89000000000033,36.89000000000033,30,0,0.21308780006574812,-0.0013208733583007781,0.002310009644885591,-0.0004690329411531913,0.0014568150393800766,0.0012968515855497575,15,2,1,1
2026-02-09 09:05:00,2026-02-09 07:30:00,SELL,-1,3,1.0,5020.86,5045.72,4995.999999999999,4921.419999999997,0.0,4.0,0.001609010458567943,EXPIRED_BEFORE_TARGET,0,1.23662174901566,0.7753293218409498,0.236771300448386,0.7533632286996251,0.009865470851988894,0.236771300448386,7.1899999999996,2.723299427844882,24.860000000000582,24.860000000000582,19,0,0.714881780250433,-0.0032141829046764547,-0.00220788279739359,-0.003253759491786301,0.000971401449013658,0.0008828124658891725,9,0,1,0
2026-02-09 14:50:00,2026-02-09 12:25:00,BUY,1,2,1.0,5017.83,4983.38,5052.28,5155.629999999999,0.7,4.0,0.001161103047895507,PARTIAL_WIN_OPEN_AT_HORIZON,1,1.205380626737867,0.9911872130817947,0.9039900249376066,0.6596009975061939,0.09600997506239335,0.2443890274314127,20.26000000000022,1.6358085207697264,34.44999999999982,34.44999999999982,29,1,0.563178677196433,0.0004326449559979295,0.0006580875974417921,0.001113272482418104,0.0004091542258427593,0.0007691366054494158,14,0,1,1
2026-02-09 15:25:00,2026-02-09 15:00:00,SELL,-1,3,1.0,5004.38,5024.84,4983.92,4922.54,-1.0,4.0,0.0019550342130987258,FULL_LOSS,0,1.9971543138016454,1.5802574877546105,0.05505181347152434,0.780440414507758,0.16450777202071762,0.05505181347152434,12.36999999999989,2.363395225464191,20.460000000000036,20.460000000000036,5,0,0.2869846402587076,-0.003544277584634603,-0.00179519605535583,-0.0019365428223266923,0.0006757677544551832,0.0007926223027331875,15,0,1,1
2026-02-09 18:00:00,2026-02-09 15:35:00,BUY,1,3,1.0,5067.07,4995.11,5139.03,5354.91,0.0,4.0,0.0005558643690939408,EXPIRED_BEFORE_TARGET,0,1.2703513281918961,0.8456686626746507,0.8667790893760564,0.6888701517706828,0.1332209106239436,0.1779089376053736,8.9399999999996,1.3753996802557955,71.96000000000004,71.96000000000004,29,0,6.417225950783273,0.001375464169751206,0.002617811406771864,0.005766154163738824,0.0013408515667998836,0.0010373982004994538,18,0,0,1
2026-02-12 10:50:00,2026-02-12 08:30:00,BUY,1,2,1.0,5066.9,5047.22,5086.579999999999,5145.619999999997,0.0,4.0,0.002032520325203316,EXPIRED_BEFORE_TARGET,0,1.6887966804979997,1.2070484581497798,0.8194103194102954,0.6081081081080613,0.18058968058970462,0.2113022113022341,8.079999999999927,1.9102554498464304,19.67999999999938,19.67999999999938,28,1,1.1596534653465316,0.0013596784202432044,7.50021711153348e-05,0.0013537415638185113,0.0006589662844337064,0.0007483407166826969,10,3,1,0
2026-02-13 02:05:00,2026-02-12 22:55:00,BUY,1,3,1.0,4943.27,4886.65,4999.890000000001,5169.750000000004,0.0,4.0,0.0007064641469445326,EXPIRED_BEFORE_TARGET,0,1.9191226867717903,2.1172595520421607,0.8904761904762252,0.8052380952381316,0.10952380952377487,0.0852380952380935,10.38000000000011,1.7393655371304975,56.6200000000008,56.6200000000008,26,1,1.8872832369942139,0.0054960589880499455,0.006698055954936333,0.007151341538699896,0.001541280541505232,0.0014912250770727966,2,4,0,0
2026-02-13 14:10:00,2026-02-13 13:00:00,BUY,1,3,1.0,4963.9,4933.76,4994.039999999999,5084.459999999997,0.7,4.0,0.0013271400132714257,PARTIAL_WIN_OPEN_AT_HORIZON,1,1.2403452975920124,1.1115285866366085,0.945054945054912,0.6373626373626364,0.0549450549450879,0.3076923076922757,8.329999999999927,1.990422029332535,30.139999999999418,30.139999999999418,14,1,1.3757503001200644,0.001976136985250676,0.004002742657424729,0.00248202099923045,0.00095293000670544,0.0008988706579275339,14,4,1,1
2026-02-16 01:00:00,2026-02-13 22:55:00,SELL,-1,3,1.0,5015.0,5046.02,4983.98,4890.919999999998,0.0,27.0,0.008704061895551136,EXPIRED_BEFORE_TARGET,0,6.17892644135174,1.623128384835935,0.07142857142857979,0.6203346203346136,0.3082368082368066,0.07142857142857979,11.679999999999382,1.732033426183844,31.020000000000437,31.020000000000437,13,1,0.6934931506849994,-0.0054852002712854064,-0.0038317220501798976,-0.0037367322167504158,0.0003628021103513196,0.0007762710733189779,1,0,0,0
2026-02-16 21:10:00,2026-02-16 20:45:00,SELL,-1,2,1.0,4991.05,4997.79,4984.31,4964.090000000001,-1.0,8.0,0.0118694362017808,FULL_LOSS,0,2.022988505747071,1.1711711711711712,0.07954545454547217,0.8143939393940132,0.10606060606051472,0.07954545454547217,2.7200000000002547,2.1316467556804874,6.739999999999782,6.739999999999782,5,1,1.4485294117644232,-0.0007167698107767295,-0.0008788014669377509,-0.0005406758448059934,0.00030360847417025327,0.0004448085690811311,21,0,0,1
2026-02-18 11:20:00,2026-02-18 10:55:00,BUY,1,3,1.0,4923.05,4912.94,4933.160000000001,4963.4900000000025,-1.0,4.0,0.003956478733926578,FULL_LOSS,0,1.8125072245983604,1.1706942191102383,0.9948979591836782,0.9196428571428447,0.005102040816321795,0.0752551020408335,5.420000000000073,1.503932668703973,10.110000000000582,10.110000000000582,5,0,0.17896678966794127,0.0008925195073454795,0.0004104831712061774,-0.0007368045012057234,0.00043732505503951214,0.0005109335539149325,11,2,1,0
2026-02-18 14:40:00,2026-02-18 12:10:00,BUY,1,3,1.0,4929.18,4906.4,4951.960000000001,5020.300000000003,0.7,4.0,0.0017559262510974034,PARTIAL_WIN_OPEN_AT_HORIZON,1,1.3761570201851663,1.3404493947480374,0.6596434359806435,0.6596434359806435,0.3403565640193565,0.0,5.230000000000473,1.4617626210915964,22.780000000000655,22.780000000000655,30,1,0.8910133843211153,0.0016032381753565694,0.0015055559280503505,0.00362832290852233,0.0007189541437498661,0.0005883351854580365,14,2,1,1
2026-02-19 23:25:00,2026-02-19 22:55:00,SELL,-1,2,1.0,4994.23,5004.27,4984.189999999999,4954.069999999996,-1.0,4.0,0.003984063745019574,FULL_LOSS,0,1.6363110725642331,0.4099980623910095,0.20494699646641065,0.7897526501767438,0.005300353356845603,0.20494699646641065,2.9799999999995634,1.6838108387987574,10.040000000000873,10.040000000000873,6,1,1.8154362416112606,-0.0011540000000000994,-0.001511458897714646,-0.00028624846366653856,0.0003222353688188264,0.0005615605556666975,23,3,0,0
2026-02-20 01:50:00,2026-02-20 01:15:00,SELL,-1,2,1.0,4992.41,5003.45,4981.37,4948.25,-1.0,4.0,0.0036231884057971136,FULL_LOSS,0,1.6458414681765716,1.3662353295215166,0.06998813760381081,0.6204033214709718,0.3096085409252174,0.06998813760381081,9.329999999999927,1.819221373252248,11.039999999999964,11.039999999999964,7,1,0.07609860664523493,-0.0013761954197496484,-0.0014740648588538185,-0.0003924418895676629,0.0006790864634661907,0.0005100369990029025,1,4,0,0
2026-02-23 18:00:00,2026-02-23 17:15:00,SELL,-1,3,1.0,5180.03,5205.03,5155.03,5080.03,-1.0,4.0,0.0016,FULL_LOSS,0,2.1119832548404442,1.0735081533119875,0.20168483647173688,0.7983151635282631,0.0,0.20168483647173688,5.420000000000073,1.378323108384458,25.0,25.0,9,1,2.6974169741696854,-0.004234860805142682,-0.0022843319099596915,-0.0016882548725233315,0.0009447321696482803,0.0008153905238584378,18,0,0,1
2026-02-24 02:25:00,2026-02-23 22:50:00,SELL,-1,3,1.0,5226.83,5249.76,5203.9,5135.109999999999,0.7,4.0,0.0017444395987788702,PARTIAL_WIN_OPEN_AT_HORIZON,1,1.380762930025672,1.3671228248014868,0.17457627118640828,0.7474576271186655,0.07796610169492622,0.17457627118640828,7.359999999999673,1.5786431815054356,22.93000000000029,22.93000000000029,31,0,0.24592391304354358,-0.000602296758304921,-0.0017112985814938808,-0.0018428409924222677,0.0008729072871476768,0.0007255872613174399,2,1,0,0
2026-02-24 09:25:00,2026-02-24 07:35:00,BUY,1,3,1.0,5183.48,5156.42,5210.539999999999,5291.7199999999975,0.0,4.0,0.0014781966001478474,EXPIRED_BEFORE_TARGET,0,1.5867792244955192,0.9890196698001422,1.0,0.7817853922452445,0.0,0.2182146077547556,7.050000000000182,1.7002756419556073,27.05999999999949,27.05999999999949,22,1,1.2397163120566745,0.0023301098535606357,0.001913568554076539,0.002820716206543006,0.0010521551796624851,0.0007629545437451698,9,1,1,0
2026-02-24 23:30:00,2026-02-24 22:55:00,SELL,-1,2,1.0,5149.76,5165.56,5133.96,5086.5599999999995,0.7,4.0,0.002531645569620224,PARTIAL_WIN_BREAKEVEN,1,1.3777691410804782,0.5669063653312026,0.15373765867420636,0.7827926657263847,0.06346967559940887,0.15373765867420636,6.779999999999745,1.6971322062718681,15.800000000000182,15.800000000000182,7,1,1.2300884955752889,-0.0016594550163617772,-0.0016304231927214419,-0.004007364886818854,0.0006092266323012577,0.0006379202514559688,23,1,0,0
2026-02-25 09:00:00,2026-02-25 07:30:00,SELL,-1,3,1.0,5188.6,5210.76,5166.4400000000005,5099.960000000001,0.0,4.0,0.0018050541516245607,EXPIRED_BEFORE_TARGET,0,1.2598026815077572,0.9142357596392748,0.10843373493980892,0.8326639892903792,0.05890227576981182,0.10843373493980892,7.300000000000182,2.3037817730936143,22.159999999999854,22.159999999999854,18,0,0.5342465753424026,-0.0007106690882057176,-0.0008549905257805301,-0.0010646633796227434,0.0007464282424903981,0.0007096603958381357,9,2,1,0
2026-02-25 16:50:00,2026-02-25 16:30:00,BUY,1,3,1.0,5188.61,5158.97,5218.249999999999,5307.169999999997,0.0,4.0,0.0013495276653171656,EXPIRED_BEFORE_TARGET,0,1.4823008849557648,1.3535373808329152,0.927505330490375,0.7249466950958628,0.07249466950962506,0.2025586353945121,8.769999999999527,2.3031601499732193,29.639999999999418,29.639999999999418,4,0,0.8460661345496548,0.005491960691979214,0.0013857178423715144,0.0005129243436592379,0.0013500493887771774,0.000832782057755752,16,2,0,1
2026-02-26 08:00:00,2026-02-26 07:55:00,SELL,-1,2,1.0,5193.87,5199.46,5188.28,5171.509999999999,-1.0,4.0,0.00715563506261162,FULL_LOSS,0,1.458281132548166,1.1371213733418457,0.03951890034356958,0.7680412371134843,0.1924398625429462,0.03951890034356958,4.5900000000001455,1.62152188353384,5.5900000000001455,5.5900000000001455,1,1,0.06100217864918006,1.1552213115217924e-05,-0.0014304088777635782,0.00011553414322751365,0.000532752902999685,0.0004910864126128029,8,3,1,0
2026-02-26 15:20:00,2026-02-26 15:15:00,BUY,1,2,1.0,5178.22,5171.41,5185.030000000001,5205.460000000002,-1.0,4.0,0.005873715124816102,FULL_LOSS,0,1.2339373970345733,1.229747245625405,0.9092122830441387,0.8651535380508226,0.09078771695586133,0.044058744993316,6.3400000000001455,1.4911415936681407,6.8100000000004,6.8100000000004,1,1,0.04574132492112886,0.0011155255246546592,-0.0005983031351083357,0.0003554607660178899,0.0008184888885952996,0.0006021186517827143,15,3,1,1
2026-02-27 08:00:00,2026-02-27 07:30:00,SELL,-1,3,1.0,5193.8,5200.37,5187.2300000000005,5167.520000000001,0.7,4.0,0.00608828006088307,PARTIAL_WIN_OPEN_AT_HORIZON,1,1.5270231627109851,1.5170670037926675,0.13483146067420132,0.7546816479400067,0.11048689138579203,0.13483146067420132,3.699999999999818,2.8060235574772627,6.569999999999709,6.569999999999709,6,0,0.01081081081080151,0.00047193889835983605,-0.00046957030468175454,0.0018054023192477509,0.00046339617021577407,0.00047707666112665656,8,4,1,0
2026-03-04 02:50:00,2026-03-04 02:45:00,SELL,-1,2,1.0,5129.51,5140.42,5118.6,5085.870000000001,-1.0,4.0,0.0036663611365720015,FULL_LOSS,0,1.2994787634824854,1.1067363064148923,0.13343923749009307,0.8212867355043706,0.04527402700553633,0.13343923749009307,8.3100000000004,1.375600066214203,10.909999999999854,10.909999999999854,1,1,0.2623345367026807,0.0011202688645275405,0.0019709263940055344,0.0009815630073686243,0.0011986001742037079,0.0013359697029240326,2,2,0,0
2026-03-04 08:30:00,2026-03-04 08:10:00,BUY,1,3,1.0,5151.58,5128.91,5174.25,5242.26,0.7,4.0,0.0017644464049404443,PARTIAL_WIN_BREAKEVEN,1,2.0424179208265625,1.2630441264162195,0.9182879377431781,0.8302529182879075,0.0817120622568219,0.08803501945527067,10.300000000000182,1.4635240386575867,22.670000000000073,22.670000000000073,4,0,0.2757281553398151,0.0013489767991539114,0.001853346427981073,-0.0026503938806684557,0.0014159156168901527,0.0011497586319434273,8,2,1,0
2026-03-04 14:15:00,2026-03-04 12:10:00,SELL,-1,3,1.0,5183.88,5206.14,5161.62,5094.839999999999,0.7,4.0,0.0017969451931715906,PARTIAL_WIN_BREAKEVEN,1,3.519538421190701,1.759749792557605,0.31048186785891535,0.677098857426728,0.012419274714356615,0.31048186785891535,8.610000000000582,1.709511238690827,22.26000000000022,22.26000000000022,25,1,0.651567944250789,-0.0033817363168489045,-0.0015677905709146067,-0.0015081736075397423,0.0007326253983934987,0.0008345787995864907,14,2,1,1
2026-03-04 15:05:00,2026-03-04 14:30:00,BUY,1,3,1.0,5188.43,5156.27,5220.59,5317.07,-1.0,4.0,0.0012437810945273688,FULL_LOSS,0,1.7434844010784274,1.4526273973207389,0.9727540500736456,0.9079528718703972,0.02724594992635441,0.06480117820324845,9.8100000000004,2.6705951679434294,32.159999999999854,32.159999999999854,7,0,1.0081549439347528,0.003894897742004133,0.0040328276817627184,-0.0022077305184127205,0.0009947758811455498,0.0008736438676280623,15,2,1,1
2026-03-05 11:35:00,2026-03-05 11:05:00,SELL,-1,2,1.0,5156.34,5180.61,5132.070000000001,5059.260000000002,0.0,4.0,0.0016481252575196036,EXPIRED_BEFORE_TARGET,0,1.8957345971563955,0.941872551371232,0.18108108108109852,0.6425675675675744,0.17635135135132707,0.18108108108109852,17.01000000000022,1.8614166300043995,24.269999999999527,24.269999999999527,6,1,0.42034097589650465,-0.0030259145899352857,-0.00393300751443959,-0.0007577152269754306,0.001082346577789223,0.001080845697886607,11,3,1,0
2026-03-06 16:55:00,2026-03-06 15:00:00,BUY,1,3,1.0,5130.32,5065.61,5195.03,5389.16,0.0,4.0,0.0006181424818420643,EXPIRED_BEFORE_TARGET,0,1.8907867836180268,1.096029430419891,0.9414021625392296,0.9159400069759066,0.05859783746077038,0.025462155563323024,12.069999999999709,2.291981845688351,64.71000000000004,64.71000000000004,23,0,3.868268434134277,0.00802439541957134,0.0050602508771688814,0.008874791305732987,0.0018760109695233648,0.0017259060770203462,16,4,0,1
2026-03-09 16:40:00,2026-03-09 15:40:00,BUY,1,3,1.0,5112.49,5061.04,5163.94,5318.289999999999,0.0,4.0,0.0007774538386783312,EXPIRED_BEFORE_TARGET,0,1.644271288860648,1.021277701280819,0.8897485493229873,0.8694390715666978,0.11025145067701271,0.0203094777562895,24.289999999999964,1.8932141200286787,51.44999999999982,51.44999999999982,12,1,0.5701934952655198,0.006047117534082602,0.008102299167882743,0.007170873644872344,0.0018599237929097757,0.001295062928771919,16,0,0,1
2026-03-10 14:00:00,2026-03-10 13:05:00,SELL,-1,2,1.0,5167.87,5191.94,5143.8,5071.590000000001,-1.0,4.0,0.001661819692563377,FULL_LOSS,0,1.3017337807606661,1.190698184610322,0.05370569280343485,0.7808807733619897,0.16541353383457544,0.05370569280343485,9.260000000000218,1.5066189733712434,24.06999999999971,24.06999999999971,11,1,1.461123110151126,-0.0008931868403805332,-0.002424509162366917,-0.0026709329545652194,0.000851408214768605,0.0008507003715041798,14,1,1,1
2026-03-12 14:45:00,2026-03-12 14:05:00,BUY,1,2,1.0,5181.54,5163.85,5199.23,5252.299999999998,-1.0,4.0,0.0022611644997174054,FULL_LOSS,0,1.6272469252601225,1.2332662828605119,0.9780361757105843,0.9728682170542581,0.021963824289415703,0.005167958656326195,7.700000000000728,1.9509570986685796,17.6899999999996,17.6899999999996,8,1,0.8415584415583054,0.0016896071759975317,0.002573409903564805,0.0006218232940413682,0.0005434688142103331,0.0004697050855359339,14,3,1,1
2026-03-13 03:40:00,2026-03-13 03:00:00,SELL,-1,3,1.0,5112.32,5121.44,5103.2,5075.84,-1.0,4.0,0.004385964912280754,FULL_LOSS,0,1.636545071515704,1.501004016064257,0.08536585365855011,0.8550135501355429,0.059620596205906956,0.08536585365855011,7.150000000000546,2.108599197126558,9.11999999999989,9.11999999999989,8,1,0.1622377622377295,-0.001304942371556983,-0.0014219860926636407,0.00087120463128465,0.0004686320946373904,0.0005613981692765866,3,4,0,0
2026-03-13 06:20:00,2026-03-13 03:45:00,SELL,-1,3,1.0,5105.0,5128.53,5081.47,5010.880000000001,0.7,4.0,0.0016999575010624918,PARTIAL_WIN_OPEN_AT_HORIZON,1,1.9933078393881734,1.1361804995970992,0.14868105515584654,0.7649880095923258,0.08633093525182758,0.14868105515584654,6.170000000000073,1.9179432420222595,23.529999999999745,23.529999999999745,31,1,0.6256077795785457,-0.0020135671417121914,-0.0018574640727343494,-0.0014572269655448444,0.00038775535454415813,0.0005389605360172933,6,4,0,0
2026-03-13 15:55:00,2026-03-13 14:00:00,SELL,-1,3,1.0,5101.74,5121.84,5081.639999999999,5021.339999999998,1.9,4.0,0.001990049751243745,FULL_TARGET,1,1.3890741976132277,1.066155405703204,0.2572038420490803,0.7353255069370765,0.0074706510138430925,0.2572038420490803,11.570000000000618,2.045534424180888,20.100000000000364,20.100000000000364,23,0,0.4822817631806075,-0.002049990023903603,-0.0013838839181729012,-0.003229606878886959,0.0007611557756113681,0.0007765608633244866,15,4,1,1
2026-03-16 18:25:00,2026-03-16 15:30:00,SELL,-1,3,1.0,4979.82,5038.06,4921.579999999999,4746.859999999997,0.0,4.0,0.0006868131868131786,EXPIRED_BEFORE_TARGET,0,1.241673997737745,1.2135129167586665,0.17408906882585876,0.7672064777328483,0.058704453441292936,0.17408906882585876,11.569999999999709,1.8109435880060984,58.24000000000069,58.24000000000069,35,1,3.3215211754538685,-0.003330357893388536,-0.0014477525746735553,-0.0024159234596986545,0.0009402525103491609,0.0008050089608196216,18,0,0,1
2026-03-18 09:45:00,2026-03-18 07:40:00,SELL,-1,3,1.0,4995.74,5016.3,4975.179999999999,4913.499999999998,0.7,4.0,0.0019455252918287559,PARTIAL_WIN_OPEN_AT_HORIZON,1,1.8546365914786642,1.3339657319025315,0.06401137980082992,0.8862019914652487,0.04978662873392133,0.06401137980082992,5.270000000000437,1.6401617250673854,20.5600000000004,20.5600000000004,25,1,0.030360531309267785,-0.002358438757476322,-0.0021631576108992467,-0.0034768419981768828,0.000450799269222694,0.0005352910119354908,9,2,1,0
2026-03-20 10:15:00,2026-03-20 07:50:00,BUY,1,3,1.0,4724.92,4661.5,4788.34,4978.6,-1.0,4.0,0.0006307158625039412,FULL_LOSS,0,1.3009173134902194,1.0796963354056672,0.9240631163708509,0.8629191321499509,0.07593688362914904,0.06114398422090005,12.679999999999382,1.6318816101660836,63.42000000000007,63.42000000000007,29,0,1.421135646687801,0.004317042220290501,0.005747224303521481,0.009572404126390044,0.0007566842630354337,0.0012047493128813263,10,4,1,0
2026-03-23 00:05:00,2026-03-20 20:55:00,BUY,1,3,1.0,4511.16,4449.59,4572.73,4757.439999999999,-1.0,23.0,0.0037355855124249,FULL_LOSS,0,3.773226168870453,0.7170868347338936,0.8825011452130067,0.8121850664223581,0.11749885478699328,0.07031607879064863,25.789999999999964,1.5167615194085728,61.56999999999971,61.56999999999971,26,0,0.3140752229546129,0.0030617758299813502,0.001874422571245704,0.002034651266104026,0.0013413325864949277,0.0016386307134842349,0,0,0,0
2026-03-26 04:35:00,2026-03-26 03:00:00,SELL,-1,1,0.5,4514.55,4544.42,4484.68,4395.070000000001,0.7,4.0,0.0013391362571141662,PARTIAL_WIN_OPEN_AT_HORIZON,1,1.5124500461113162,1.133852052322959,0.21544715447158588,0.7308943089430608,0.05365853658535323,0.21544715447158588,13.180000000000291,1.7706761761075298,29.86999999999989,29.86999999999989,19,0,1.2663125948406093,-0.002373328560158483,-0.003282981043930544,-0.003551374640227478,0.0008500971804762663,0.0012087819569344773,4,3,0,0
2026-03-26 22:35:00,2026-03-26 21:55:00,BUY,1,3,1.0,4419.7,4350.93,4488.469999999999,4694.779999999998,0.0,4.0,0.0005816489748436858,EXPIRED_BEFORE_TARGET,0,1.8103379404010551,1.033206961129128,0.9739629302736033,0.8225948808472876,0.026037069726396703,0.15136804942631568,8.339999999999236,1.6161037472982476,68.76999999999953,68.76999999999953,8,0,6.266187050360313,0.004479555635353627,0.014670095045686171,0.00828814359727792,0.0030754424204051316,0.0018101631937513028,22,3,0,0
2026-03-27 10:15:00,2026-03-27 07:30:00,SELL,-1,3,1.0,4440.46,4475.17,4405.75,4301.62,0.7,4.0,0.0011524056467876681,PARTIAL_WIN_OPEN_AT_HORIZON,1,1.3187500000001264,1.2285102929240759,0.19431279620855788,0.7831753554501509,0.022511848341291215,0.19431279620855788,17.359999999999673,2.270696452036794,34.710000000000036,34.710000000000036,33,0,0.11981566820276304,-0.0008482909300372432,-0.002457653771846924,-0.0027780085922884945,0.0007888200566699625,0.0010988694428075577,10,4,1,0
2026-03-27 16:00:00,2026-03-27 15:30:00,BUY,1,1,0.5,4457.78,4413.65,4501.91,4634.3,0.7,4.0,0.0009064128710627668,PARTIAL_WIN_OPEN_AT_HORIZON,1,2.8699738903393524,1.2580645161290323,0.9774381368267867,0.9577874818049537,0.02256186317321327,0.01965065502183305,12.930000000000291,1.4992545143298912,44.13000000000011,44.13000000000011,6,0,2.412993039443087,0.005401650491786869,0.008905878332348793,0.005442468395114641,0.0015270384601686737,0.001007989136856105,16,4,0,1
2026-03-30 17:15:00,2026-03-30 14:25:00,SELL,-1,3,1.0,4523.35,4580.6,4466.1,4294.35,0.0,4.0,0.0006986899563318778,EXPIRED_BEFORE_TARGET,0,1.3843402973837762,1.018021360095281,0.23249490142760465,0.7002039428959379,0.06730115567645743,0.23249490142760465,11.650000000000546,2.0065136824766965,57.25,57.25,34,0,1.102145922746664,-0.0012894137803888261,-0.002474325018689605,-0.00972032182146565,0.001602016718766947,0.001362342889120918,17,0,0,1
2026-03-31 16:05:00,2026-03-31 13:35:00,BUY,1,2,1.0,4581.18,4529.49,4632.870000000001,4787.940000000002,0.0,4.0,0.0007738440704198028,EXPIRED_BEFORE_TARGET,0,1.3747433264886646,1.0179380006966212,0.996265870052332,0.8274831964152658,0.0037341299476680045,0.1687826736370662,23.670000000000073,1.6010611838832698,51.69000000000051,51.69000000000051,30,1,1.048584706379406,0.0015040552652865191,-0.0007568734799819898,-0.0022845718442309204,0.0013494792543012218,0.001340417926952645,16,1,0,1
2026-04-01 04:30:00,2026-04-01 03:00:00,SELL,-1,3,1.0,4693.06,4724.23,4661.890000000001,4568.380000000004,0.0,4.0,0.0012832852101379876,EXPIRED_BEFORE_TARGET,0,1.7187807276303577,1.0782706979372705,0.1304347826087296,0.8695652173912705,0.0,0.1304347826087296,6.809999999999491,1.6330628294152096,31.169999999999163,31.169999999999163,18,0,0.052863436123303895,-0.0010706478590235546,-0.0022853814248449122,-0.0026119204735035595,0.001596962985397977,0.0014521714593838378,4,2,0,0
2026-04-02 02:05:00,2026-04-01 21:20:00,BUY,1,3,1.0,4787.5,4742.14,4832.86,4968.939999999999,-1.0,4.0,0.0008818342151675548,FULL_LOSS,0,1.376916022533757,1.0928761345924636,0.8477640342530608,0.8449096098953306,0.15223596574693915,0.00285442435773023,11.240000000000691,1.6061487854251013,45.35999999999967,45.35999999999967,33,0,2.0524911032026947,0.0017325002824728486,0.0026639970846824568,0.006693063227684037,0.0006804475705765573,0.0008635364676048233,2,3,0,0
2026-04-06 01:55:00,2026-04-06 01:10:00,BUY,1,2,1.0,4645.67,4608.05,4683.29,4796.15,-1.0,4.0,0.0010632642211589611,FULL_LOSS,0,2.0031323414252054,1.1469513256367116,0.6505082095387168,0.6505082095387168,0.34949179046128326,0.0,21.389999999999418,1.7554878236507496,37.61999999999989,37.61999999999989,9,1,0.5170640486208836,0.0006483352216186677,0.002038298441402686,-0.005629316969073095,0.002422255444765079,0.0015069676463400545,1,0,0,0
2026-04-07 09:40:00,2026-04-07 08:25:00,BUY,1,2,1.0,4652.54,4629.36,4675.72,4745.260000000001,0.7,4.0,0.0017256255392579594,PARTIAL_WIN_OPEN_AT_HORIZON,1,1.3849369563751097,1.1558073654390935,0.879259980525819,0.6533592989289528,0.12074001947418099,0.2259006815968662,17.460000000000036,2.452636384387126,23.18000000000029,23.18000000000029,15,1,0.2731958762886321,0.0024670928596515207,0.0011857035568956231,0.004588354432566222,0.000809359307378195,0.0008345286173906474,9,1,1,0
2026-04-07 13:45:00,2026-04-07 11:10:00,SELL,-1,3,1.0,4650.35,4694.49,4606.210000000001,4473.790000000003,0.0,4.0,0.0009062075215224406,EXPIRED_BEFORE_TARGET,0,1.471259251015568,1.2011308792872035,0.08093797276857775,0.9084720121028046,0.010590015128617604,0.08093797276857775,14.489999999999782,1.6925643625895515,44.13999999999942,44.13999999999942,31,0,0.02277432712214853,-0.003627380401432845,-0.005770373759444447,-0.003527034526796702,0.0006135919517128406,0.0011313292948458055,13,1,1,1
2026-04-08 10:00:00,2026-04-08 08:30:00,SELL,-1,3,1.0,4812.96,4843.82,4782.1,4689.520000000001,0.7,4.0,0.0012961762799740901,PARTIAL_WIN_OPEN_AT_HORIZON,1,1.4528164828633576,1.1123012741008005,0.2818181818182149,0.6481818181818281,0.069999999999957,0.2818181818182149,9.539999999999964,1.6296579399961781,30.859999999999673,30.859999999999673,18,1,0.08595387840667841,-0.004037272864601427,-0.004099098446646576,-0.0036310940896387978,0.0009265492816889397,0.0008368365189161622,10,2,1,0
2026-04-09 04:30:00,2026-04-09 03:05:00,BUY,1,1,0.5,4718.55,4698.62,4738.4800000000005,4798.270000000001,0.0,4.0,0.00200702458605115,EXPIRED_BEFORE_TARGET,0,2.017931392931453,1.1273635390652872,0.9375402446876875,0.8808757244043602,0.06245975531231254,0.05666452028332724,6.880000000000109,1.8936307098434484,19.93000000000029,19.93000000000029,17,0,1.8968023255813917,-0.0005168407473855607,0.0012264549299032534,0.0013263162362329162,0.0011367771554523219,0.0009528257399114201,4,3,0,0
2026-04-10 04:30:00,2026-04-10 03:00:00,BUY,1,2,1.0,4771.34,4750.94,4791.740000000001,4852.940000000002,-1.0,4.0,0.0019607843137254377,FULL_LOSS,0,2.1731551423591,1.2010919017288444,0.990196078431402,0.7905525846702041,0.009803921568598047,0.1996434937611979,10.169999999999163,2.2840859272249014,20.400000000000546,20.400000000000546,18,1,0.7482792527041503,0.001614308355987637,0.0022012829614819207,0.0026077290483363935,0.0007374005640856852,0.0005551403174563833,4,4,0,0
2026-04-13 03:45:00,2026-04-13 01:05:00,BUY,1,3,1.0,4687.11,4644.18,4730.039999999999,4858.829999999997,0.0,4.0,0.0009317493594223289,EXPIRED_BEFORE_TARGET,0,1.3854832643850672,1.0723043769042133,0.9945711183496002,0.9424538545059009,0.0054288816503997505,0.05211726384369935,16.909999999999854,1.6607336325646185,42.92999999999938,42.92999999999938,32,1,0.24364281490242023,0.0014978312429219098,0.0029422086036599016,0.005783063242463804,0.0007180719014889248,0.0029053492253681853,3,0,0,0
2026-04-14 09:05:00,2026-04-14 08:30:00,BUY,1,3,1.0,4769.55,4758.0,4781.1,4815.750000000001,0.7,4.0,0.0034632034632034086,PARTIAL_WIN_BREAKEVEN,1,1.3762737451252567,1.237994536963609,0.9707495429616367,0.8994515539305016,0.02925045703836326,0.07129798903113514,6.960000000000036,2.4238450074515647,11.550000000000182,11.550000000000182,7,0,0.31465517241386465,0.0016464673405143238,0.002181052578495768,0.0004153059105582724,0.000586681912192092,0.0004750347806473309,9,1,1,0
2026-04-15 01:15:00,2026-04-14 22:55:00,SELL,-1,3,1.0,4837.67,4850.64,4824.7,4785.789999999999,-1.0,4.0,0.0030840400925211424,FULL_LOSS,0,2.4171095925081194,0.5644279151170423,0.012565445026166343,0.7455497382198697,0.241884816753964,0.012565445026166343,5.330000000000837,1.6596410935806336,12.970000000000255,12.970000000000255,4,0,0.6210131332080621,-0.002241911998250967,-0.0010964323618928296,-0.0003636791936241224,0.0004535009384787486,0.0007095733190617622,1,2,0,0
2026-04-15 18:25:00,2026-04-15 16:00:00,SELL,-1,3,1.0,4798.2,4830.63,4765.7699999999995,4668.479999999999,0.0,4.0,0.0012334258402713425,EXPIRED_BEFORE_TARGET,0,1.4184397163120264,0.9293412186527644,0.07011494252869946,0.8022988505747838,0.12758620689651676,0.07011494252869946,7.75,1.716705402909994,32.43000000000029,32.43000000000029,29,0,1.3445161290322674,-0.0024884775382159052,-0.0036070496327537116,-0.005599744674854246,0.0006091155600416823,0.0005806600992095616,18,2,0,1
2026-04-16 05:30:00,2026-04-16 03:00:00,SELL,-1,3,1.0,4814.19,4837.59,4790.789999999999,4720.589999999997,-1.0,4.0,0.0017094017094016695,FULL_LOSS,0,1.7791483809750608,1.0880961982622723,0.019999999999951494,0.6586666666667346,0.32133333333331393,0.019999999999951494,8.030000000000655,2.1994459833795013,23.400000000000546,23.400000000000546,30,1,1.125778331257687,-0.0017335227213819415,-0.0014187839528068125,-0.0015575419457868334,0.0007224063638813054,0.0006027217749681225,5,3,0,0
2026-04-16 08:55:00,2026-04-16 08:35:00,SELL,-1,2,1.0,4821.32,4829.37,4813.2699999999995,4789.119999999999,-1.0,4.0,0.004968944099378769,FULL_LOSS,0,1.5545023696682425,1.3672447792890732,0.02439024390241648,0.967479674796778,0.008130081300805494,0.02439024390241648,3.069999999999709,1.6943756632472586,8.050000000000182,8.050000000000182,4,1,1.312703583062227,-0.0008186070416786873,-0.002486893121526834,-0.002433230983141188,0.0005880988668956084,0.00046886942101809963,8,3,1,0
2026-04-17 03:25:00,2026-04-17 03:00:00,BUY,1,2,1.0,4792.93,4787.58,4798.280000000001,4814.330000000002,0.7,4.0,0.007476635514018184,PARTIAL_WIN_BREAKEVEN,1,1.2630093490914729,1.2364528661986232,0.9776536312849361,0.9022346368716588,0.02234636871506393,0.07541899441327725,3.8900000000003274,2.1270985321262197,5.350000000000364,5.350000000000364,5,1,0.30077120822621445,0.0005720023631632376,0.0002441691570529425,-0.00031703323634613145,0.0003436516327920641,0.00037601419077835425,3,4,0,0
2026-04-17 06:00:00,2026-04-17 04:05:00,BUY,1,3,1.0,4791.86,4767.59,4816.129999999999,4888.939999999998,0.0,4.0,0.0016481252575196036,EXPIRED_BEFORE_TARGET,0,1.4597825022043251,1.1334591925646238,0.9852348993287806,0.9852348993287806,0.01476510067121943,0.0,7.930000000000291,1.7836138714256742,24.269999999999527,24.269999999999527,23,0,0.1185372005043588,0.00045305646085647133,4.591329899561458e-05,-5.2169086268927245e-05,0.00043147431463201217,0.000654216335461366,6,4,0,0
2026-04-21 04:35:00,2026-04-21 03:00:00,SELL,-1,3,1.0,4813.35,4830.75,4795.950000000001,4743.750000000002,0.7,4.0,0.002298850574712692,PARTIAL_WIN_OPEN_AT_HORIZON,1,1.5167635778794601,0.9236932893126091,0.07014681892337413,0.7471451876019324,0.18270799347469346,0.07014681892337413,5.440000000000509,2.0094039551929193,17.399999999999636,17.399999999999636,19,0,1.2647058823526756,-0.0007805509942682143,-0.0010605048085902125,-0.0013050767277223985,0.0005427782303221529,0.0005606325905611764,4,1,0,0
2026-04-23 08:45:00,2026-04-23 08:35:00,BUY,1,3,1.0,4710.51,4700.92,4720.1,4748.870000000001,0.7,4.0,0.00417101147028148,PARTIAL_WIN_BREAKEVEN,1,2.3303256178896437,1.4844296710986704,0.9988776655443078,0.9943883277216411,0.001122334455692191,0.004489337822666688,4.380000000000109,1.7160759375292247,9.590000000000146,9.590000000000146,2,0,0.922374429223713,0.0009243204650926096,0.0007350676113488941,0.0017672578792906624,0.00037986319208657064,0.0007417556519527821,8,3,1,0
2026-04-24 03:50:00,2026-04-24 03:00:00,BUY,1,1,0.5,4703.28,4690.91,4715.65,4752.759999999999,-1.0,4.0,0.003233629749393723,FULL_LOSS,0,1.2137900649849664,1.2341948310139166,1.0,0.7295825771324921,0.0,0.2704174228675079,9.289999999999964,2.195385724585436,12.36999999999989,12.36999999999989,10,0,0.3315392895586587,-0.0001679396777684028,0.0005594970908278096,0.0012453618255088283,0.0006164755001085377,0.00062256584888013,3,4,0,0
2026-04-24 04:40:00,2026-04-24 04:05:00,SELL,-1,3,1.0,4690.81,4711.05,4670.570000000001,4609.850000000001,0.7,4.0,0.0019762845849802587,PARTIAL_WIN_OPEN_AT_HORIZON,1,1.215660470472199,0.9953975015008147,0.05953991880926791,0.7009472259809407,0.23951285520979135,0.05953991880926791,8.5,1.7609245214879017,20.23999999999978,20.23999999999978,7,0,0.5870588235293861,-0.0016175684965763493,-0.003932618865103876,-0.0022716202735727498,0.0008835398046855766,0.0006368651950132531,4,4,0,0
2026-04-27 09:20:00,2026-04-27 08:35:00,BUY,1,2,1.0,4714.62,4709.29,4719.95,4735.94,-1.0,4.0,0.007504690431519802,FULL_LOSS,0,1.2716574043806363,1.0317861728202933,0.8329048843186398,0.6323907455012415,0.16709511568136015,0.20051413881739838,3.399999999999636,1.9788411993641397,5.329999999999927,5.329999999999927,9,1,0.5,0.0002927922193649568,0.0006792007505167508,-0.0009662695637802088,0.0004542985966145254,0.0005068997772114015,9,0,1,0
2026-04-28 15:45:00,2026-04-28 14:35:00,BUY,1,3,1.0,4599.12,4554.83,4643.41,4776.28,0.0,4.0,0.0009031384059607142,EXPIRED_BEFORE_TARGET,0,1.5412900260456537,0.87084684381185,0.9715043074883839,0.8018555334658275,0.028495692511616096,0.16964877402255635,22.8100000000004,2.103286384976526,44.289999999999964,44.289999999999964,14,1,0.3283647523016068,0.00438081178233074,0.004332558830209221,0.008804601029177572,0.0012973975164324925,0.0011345553456077848,15,1,1,1
2026-04-29 01:35:00,2026-04-28 22:55:00,SELL,-1,3,1.0,4594.18,4599.6,4588.76,4572.5,0.7,4.0,0.007380073800737908,PARTIAL_WIN_BREAKEVEN,1,1.3505341664984787,0.38576406172224986,0.08656716417910772,0.835820895522307,0.07761194029858526,0.08656716417910772,2.319999999999709,1.7202366863905325,5.420000000000073,5.420000000000073,8,0,0.030172413792981786,-0.0005286504619707033,-0.0002546051987335485,-0.0009568171044104234,0.0003365230685266972,0.0004951397503854395,1,2,0,0
2026-04-29 04:45:00,2026-04-29 03:00:00,SELL,-1,3,1.0,4583.82,4610.25,4557.389999999999,4478.0999999999985,0.0,4.0,0.0015134317063942324,EXPIRED_BEFORE_TARGET,0,1.5961326435418157,1.1810549659432916,0.18172157279488815,0.7162592986185062,0.10201912858660557,0.18172157279488815,11.88000000000011,4.051832511362538,26.43000000000029,26.43000000000029,21,0,0.9368686868686874,-0.0005167688211783483,-0.0003947113046627315,-0.0035260562951626717,0.0013357808930428237,0.0008270397647309347,4,2,0,0
2026-05-01 03:10:00,2026-05-01 03:00:00,SELL,-1,2,1.0,4622.37,4631.02,4613.719999999999,4587.769999999998,-1.0,4.0,0.004624277456647107,FULL_LOSS,0,2.205835203590861,1.6769809489139667,0.23110465116280818,0.6511627906977329,0.11773255813945899,0.23110465116280818,5.420000000000073,2.2694835017310817,8.650000000000546,8.650000000000546,2,1,0.15498154981552292,-0.000884045252741883,-0.0019238741773331958,-0.0016608856040744024,0.00042018091688401915,0.0005302843467638891,3,4,0,0
2026-05-01 05:00:00,2026-05-01 03:35:00,BUY,1,3,1.0,4624.6,4613.85,4635.35,4667.6,0.7,4.0,0.0037209302325581397,PARTIAL_WIN_BREAKEVEN,1,1.642909625275549,0.8956041447939016,0.8676207513417241,0.661896243291705,0.13237924865827594,0.20572450805001902,3.8900000000003274,1.4472843450479234,10.75,10.75,17,0,0.5912596401028247,0.0010390060175764493,0.001123520103216702,0.00155715000400658,0.0004123978842335448,0.0005637006352347272,5,4,0,0
2026-05-04 17:15:00,2026-05-04 16:35:00,BUY,1,3,1.0,4572.88,4553.58,4592.18,4650.080000000001,-1.0,4.0,0.0020725388601036073,FULL_LOSS,0,1.9153881915387,1.1793480677724908,0.9264909847434429,0.8793342579751059,0.07350901525655702,0.0471567267683371,6.9299999999993815,1.445665821098214,19.300000000000182,19.300000000000182,8,1,0.2799422799423784,0.002782778787726148,0.002490397937529476,0.0017810394873760682,0.0008884502590371402,0.0009648481339904833,17,0,0,1
2026-05-05 09:20:00,2026-05-05 08:05:00,SELL,-1,3,1.0,4535.12,4552.01,4518.23,4467.559999999999,-1.0,4.0,0.0023682652457074735,FULL_LOSS,0,1.3566886087247394,1.1502485885227942,0.23355263157896214,0.646381578947424,0.12006578947361385,0.23355263157896214,9.1299999999992,1.80286337123667,16.890000000000327,16.890000000000327,15,0,0.13472070098582484,-0.0019542253521126485,-0.002303331360725469,-0.0009450567364480689,0.000646420935722403,0.0005138948339911579,9,1,1,0
2026-05-05 13:25:00,2026-05-05 10:35:00,SELL,-1,3,1.0,4547.91,4560.45,4535.37,4497.75,-1.0,4.0,0.003189792663476883,FULL_LOSS,0,1.5087630175261861,1.209434593509535,0.1700336700336922,0.8299663299663078,0.0,0.1700336700336922,6.390000000000327,1.6238326773172802,12.539999999999964,12.539999999999964,34,0,0.6275430359937422,-0.0011508516082272546,-0.0018348341955153336,-0.0009577639287653428,0.00037597018599938397,0.0005823074777426551,13,1,1,1
2026-05-06 01:50:00,2026-05-05 22:55:00,BUY,1,3,1.0,4558.75,4546.14,4571.36,4609.189999999999,1.9,4.0,0.003172085646312533,FULL_TARGET,1,3.874239350912741,1.9905276499232873,0.992146596858626,0.9668411867364652,0.00785340314137393,0.025305410122160792,4.010000000000218,1.7290176503885144,12.609999999999673,12.609999999999673,11,1,0.785536159600864,0.0019230769230769162,0.001973726144398391,0.0008364544867771606,0.00038118545322951867,0.0004337702301488815,1,2,0,0
2026-05-07 03:25:00,2026-05-06 22:50:00,SELL,-1,3,1.0,4692.3,4701.12,4683.4800000000005,4657.020000000001,-1.0,4.0,0.0045351473922904,FULL_LOSS,0,1.7638386275298317,1.445326504481434,0.025835866261409518,0.9741641337385905,0.0,0.025835866261409518,3.5200000000004366,1.683206106870229,8.819999999999709,8.819999999999709,31,0,0.7073863636362139,-0.0016128071355012707,-0.0014024588785862546,-0.00020454865061814154,0.0005521146115042871,0.000502011501085935,3,3,0,0
2026-05-07 16:10:00,2026-05-07 15:30:00,SELL,-1,3,1.0,4733.36,4752.78,4713.94,4655.679999999999,-1.0,4.0,0.002059732234809467,FULL_LOSS,0,1.655379984951022,1.1886423142428633,0.2171717171716884,0.7767676767677567,0.006060606060554837,0.2171717171716884,12.36999999999989,1.4106785840291662,19.420000000000073,19.420000000000073,8,1,0.3160873080032982,-0.003501060002231604,-0.003763228125710394,-0.002257555221571339,0.0011629005983802957,0.0007074166764362366,16,3,0,1
2026-05-07 18:25:00,2026-05-07 16:30:00,SELL,-1,3,1.0,4740.02,4764.81,4715.2300000000005,4640.860000000001,0.7,4.0,0.0016135538523598249,PARTIAL_WIN_OPEN_AT_HORIZON,1,1.6525943566428076,1.3695126581013848,0.31004366812229156,0.6262008733623823,0.06375545851532616,0.31004366812229156,15.079999999999927,1.6957183956676256,24.789999999999964,24.789999999999964,23,1,0.2181697612732082,-0.0031105343851804967,-0.004764094391638274,-0.0035066327495951732,0.0008744971589068475,0.0009410388229905893,18,3,0,1
2026-05-08 03:25:00,2026-05-08 03:05:00,SELL,-1,2,1.0,4697.22,4709.61,4684.830000000001,4647.660000000003,-1.0,4.0,0.0032284100080711767,FULL_LOSS,0,1.9328607172644947,1.5800855399106155,0.0916936353829907,0.693635382955672,0.21467098166133738,0.0916936353829907,5.849999999999454,1.7786668108341892,12.389999999999418,12.389999999999418,4,1,0.8974358974359812,-0.0011695359281437279,-0.0014901482282965173,0.00014265790846468285,0.0008932842816656887,0.0008253805418367525,3,4,0,0
2026-05-08 10:10:00,2026-05-08 08:30:00,SELL,-1,3,1.0,4715.16,4734.71,4695.61,4636.959999999999,0.0,4.0,0.0020460358056265796,EXPIRED_BEFORE_TARGET,0,1.2848074481591583,0.9376833704964206,0.0,1.0,0.0,0.0,7.819999999999709,2.0331169442092385,19.550000000000182,19.550000000000182,20,0,0.5409207161126126,-0.0022366914741214217,-0.0029582483110072166,-0.0016430513326501917,0.0007486237765908659,0.0006803005420767669,10,4,1,0
2026-05-08 11:20:00,2026-05-08 10:20:00,BUY,1,2,1.0,4720.02,4701.19,4738.850000000001,4795.340000000004,0.0,4.0,0.002124269782262253,EXPIRED_BEFORE_TARGET,0,1.3815090329437083,0.9804613935969868,0.7333333333333489,0.7333333333333489,0.2666666666666511,0.0,14.069999999999709,1.4097772022250346,18.830000000000837,18.830000000000837,12,1,0.173418621179855,0.001984855657475526,0.0019061608477111136,0.002881146339287044,0.0007277923053557837,0.0006682639740590652,11,4,1,0
2026-05-13 05:05:00,2026-05-13 03:00:00,SELL,-1,2,1.0,4699.5,4726.4,4672.6,4591.9000000000015,0.0,4.0,0.0014869888475836633,EXPIRED_BEFORE_TARGET,0,1.5079136690646853,0.9844316013605066,0.05343511450382828,0.8715012722647136,0.07506361323145809,0.05343511450382828,10.660000000000764,2.2846609317394706,26.899999999999636,26.899999999999636,25,1,1.4521575984989168,-0.0014342629482071434,-0.0013854594753104355,-0.0029236540158870117,0.0005983382975040054,0.0006027066128532884,5,2,0,0
2026-05-14 08:55:00,2026-05-14 08:30:00,SELL,-1,2,1.0,4689.78,4703.34,4676.219999999999,4635.539999999998,-1.0,4.0,0.0029498525073745445,FULL_LOSS,0,1.8614634146341063,1.3568114565447702,0.08595387840667841,0.9140461215933215,0.0,0.08595387840667841,8.229999999999563,1.6978856821287884,13.5600000000004,13.5600000000004,5,1,0.4277035236938789,-0.0016157977762024656,-0.0008330332851125277,-0.002690098523529416,0.0005506032216218445,0.0008247524076245659,8,3,1,0
2026-05-19 03:35:00,2026-05-19 03:05:00,SELL,-1,2,1.0,4568.78,4585.72,4551.839999999999,4501.019999999998,0.7,4.0,0.002361275088547745,PARTIAL_WIN_OPEN_AT_HORIZON,1,1.387682589814403,1.4050458343473675,0.04409672830718377,0.8648648648648859,0.09103840682793038,0.04409672830718377,8.760000000000218,2.322744014732965,16.94000000000051,16.94000000000051,6,1,0.9178082191780552,-0.001344282863344426,-0.0033441605895145887,-0.003522409284329453,0.0006006970221322174,0.0008751888754408206,3,1,0,0
2026-05-19 11:30:00,2026-05-19 08:30:00,BUY,1,1,0.5,4544.2,4532.97,4555.429999999999,4589.119999999998,-1.0,4.0,0.003561887800534422,FULL_LOSS,0,1.2689344758937076,1.0023347299069307,0.9918144611186357,0.799454297407876,0.008185538881364363,0.19236016371075967,7.289999999999964,1.7958515283842793,11.229999999999563,11.229999999999563,36,0,0.5404663923181919,-2.6406591085104125e-05,-0.0019064855651808044,2.4207267021569834e-05,0.0010166907725421416,0.0008134340954447255,11,1,1,0
2026-05-19 15:05:00,2026-05-19 13:40:00,BUY,1,1,0.5,4542.29,4525.47,4559.11,4609.569999999999,-1.0,4.0,0.0023781212841855344,FULL_LOSS,0,1.5719005390367269,1.111814613144232,0.9789823008849999,0.7477876106194962,0.021017699115000066,0.23119469026550377,16.029999999999745,1.5849978445178905,16.81999999999971,16.81999999999971,17,0,0.04928259513412203,0.0016560891597829919,0.0009299107329767686,0.0001937724186982237,0.0007535034084229321,0.0008335091820112677,15,1,1,1
2026-05-20 16:15:00,2026-05-20 15:30:00,SELL,-1,3,1.0,4499.23,4506.2,4492.259999999999,4471.3499999999985,1.9,4.0,0.005738880918220737,FULL_TARGET,1,1.386052574408026,1.2331286431220971,0.04231974921622609,0.9373040752351678,0.020376175548606098,0.04231974921622609,5.110000000000582,1.4797136038186158,6.970000000000255,6.970000000000255,9,1,0.017612524461866,0.000342397986522025,-0.0008571891745446925,0.0010613065863305238,0.0006725759865086178,0.0006639570476572487,16,2,0,1
2026-05-21 05:25:00,2026-05-21 03:05:00,SELL,-1,3,1.0,4540.2,4570.94,4509.46,4417.240000000001,0.0,4.0,0.0013012361743656566,EXPIRED_BEFORE_TARGET,0,1.5111485065207118,0.8571509987746844,0.07683741648102821,0.8596881959911614,0.06347438752781032,0.07683741648102821,4.779999999999745,2.0982986767485823,30.73999999999978,30.73999999999978,28,1,0.010460251046063716,-0.0025352941951868324,-0.004558220912565081,-0.005850770322230359,0.0006161433672674883,0.0006733318108447441,5,3,0,0
2026-05-21 11:05:00,2026-05-21 08:45:00,BUY,1,3,1.0,4528.56,4511.83,4545.290000000001,4595.480000000002,-1.0,4.0,0.0023909145248056708,FULL_LOSS,0,1.45073375262032,1.2382524337251997,0.908959537572359,0.739884393063789,0.09104046242764101,0.16907514450857006,8.180000000000291,1.5835339032284836,16.730000000000473,16.730000000000473,28,1,0.21026894865528037,0.0016810588901472467,0.0029055861665752136,0.001446256319078687,0.00061798061586246,0.0005927593368602773,11,3,1,0
2026-05-22 03:35:00,2026-05-22 03:00:00,BUY,1,2,1.0,4540.16,4530.25,4550.07,4579.799999999999,-1.0,4.0,0.0040363269424824,FULL_LOSS,0,1.467075038284783,1.5301424135346398,0.8100208768267513,0.6638830897704207,0.18997912317324872,0.14613778705633057,6.109999999999673,2.7400373346319293,9.909999999999854,9.909999999999854,7,1,0.5171849427168616,0.0013431640887768825,0.0014403469184736117,0.0005531497581348077,0.0005967710265282204,0.0006838472019757437,3,4,0,0
2026-05-22 15:30:00,2026-05-22 15:10:00,SELL,-1,3,1.0,4518.14,4535.94,4500.340000000001,4446.940000000003,0.7,4.0,0.0022471910112360468,PARTIAL_WIN_BREAKEVEN,1,1.3119755911516702,1.5157092576447415,0.08970099667774187,0.6029900332226569,0.3073089700996013,0.08970099667774187,10.539999999999964,1.7366905412390166,17.799999999999272,17.799999999999272,4,0,0.13757115749523938,-0.0033397451734724637,-0.0007298559750874567,0.00019480835727847534,0.0009628147922484075,0.0007455935623802454,15,4,1,1
2026-05-22 22:00:00,2026-05-22 20:25:00,SELL,-1,2,1.0,4510.59,4527.9,4493.280000000001,4441.350000000002,-1.0,4.0,0.0023108030040439732,FULL_LOSS,0,1.6342800199302152,1.2992515181471542,0.19512195121948853,0.6951219512194885,0.10975609756102295,0.19512195121948853,10.359999999999673,1.7100111856823266,17.30999999999949,17.30999999999949,19,1,0.4816602316602258,-0.0005672313129410078,-0.0014146620086871176,-0.0010895779214308288,0.0004419103859058074,0.0006630715692132037,22,4,0,0
2026-05-25 06:40:00,2026-05-25 04:10:00,SELL,-1,3,1.0,4558.56,4575.36,4541.760000000001,4491.360000000003,0.0,4.0,0.002380952380952484,EXPIRED_BEFORE_TARGET,0,1.2397350993377956,0.7693284245271043,0.08547008547019676,0.910256410256206,0.004273504273597289,0.08547008547019676,5.210000000000036,1.4893617021276595,16.799999999999272,16.799999999999272,30,0,0.5796545105565271,-0.0004582680100422287,-0.0010058840932248847,-0.0023832189869676945,0.0005282222704924709,0.0006958735121416564,6,0,0,0
2026-05-25 09:55:00,2026-05-25 09:00:00,BUY,1,3,1.0,4562.44,4550.47,4574.409999999999,4610.319999999997,0.0,4.0,0.003341687552214051,EXPIRED_BEFORE_TARGET,0,1.364753505854913,1.226924416579589,0.8305084745762091,0.8029661016950189,0.16949152542379087,0.027542372881190186,3.389999999999418,1.6720112517580872,11.969999999999345,11.969999999999345,11,0,1.952802359882309,0.0013300032042979915,0.0018027196694061498,0.001989730705541648,0.00026154818295686365,0.0004085790592552216,9,0,1,0
2026-05-25 15:30:00,2026-05-25 15:10:00,BUY,1,3,1.0,4564.23,4552.86,4575.599999999999,4609.709999999999,0.0,4.0,0.0035180299032542117,EXPIRED_BEFORE_TARGET,0,1.3094521372667882,1.0982839313572543,0.9954022988504747,0.8551724137928813,0.004597701149525261,0.14022988505759335,5.25,1.624087591240876,11.36999999999989,11.36999999999989,4,0,0.5409523809522354,0.002219967853284377,-6.134283855241396e-05,-0.0019526979156645474,0.0006613294833234377,0.0004765085371205162,15,0,1,1
2026-05-26 22:45:00,2026-05-26 20:55:00,BUY,1,3,1.0,4507.37,4482.41,4532.33,4607.21,0.7,4.0,0.0016025641025641003,PARTIAL_WIN_BREAKEVEN,1,1.2990438509724862,0.9040200038468936,0.809644670050742,0.6345177664975263,0.1903553299492579,0.17512690355321572,6.860000000000582,1.6615566473347863,24.960000000000036,24.960000000000036,22,0,1.5218658892126404,0.0008437750495717822,0.001092738397983295,0.002143303399715135,0.0002497792329598764,0.000482055215707637,22,1,0,0
2026-05-27 04:35:00,2026-05-27 04:00:00,SELL,-1,3,1.0,4511.88,4521.14,4502.62,4474.839999999999,0.7,4.0,0.004319654427645686,PARTIAL_WIN_BREAKEVEN,1,1.2506035731531477,0.9031990029081844,0.067567567567634,0.6177606177605479,0.31467181467181804,0.067567567567634,3.880000000000109,1.951151300456791,9.260000000000218,9.260000000000218,7,0,0.5747422680411084,-0.001617546507228007,-0.0010583041450983321,-0.0012750019921906608,0.000482068858036035,0.0006600579109467596,4,2,0,0
2026-05-28 16:30:00,2026-05-28 15:55:00,SELL,-1,2,1.0,4418.85,4434.35,4403.35,4356.85,-1.0,4.0,0.0025806451612903226,FULL_LOSS,0,1.7030184347357316,1.412925943383148,0.03885804916738054,0.7866772402854572,0.17446471054716228,0.03885804916738054,13.349999999999454,1.6950928078043672,15.5,15.5,7,1,0.1280898876404574,-0.0028568140430688116,-0.0030885226078049,0.005994281187108985,0.001229721235383026,0.0010047069321393253,16,3,0,1
2026-05-29 17:00:00,2026-05-29 16:30:00,BUY,1,2,1.0,4548.09,4522.36,4573.820000000001,4651.010000000002,0.7,4.0,0.0015546055188495633,PARTIAL_WIN_OPEN_AT_HORIZON,1,2.259280044897025,1.3861727543656561,0.9141234918381814,0.8019872249822615,0.08587650816181859,0.11213626685591986,7.0700000000006185,1.8113503813369223,25.730000000000473,25.730000000000473,6,1,2.261669024045033,0.0027029231695192557,0.005096098810394745,0.0052604939117519844,0.0006106054320805484,0.0007348409492415285,17,4,0,1
2026-06-02 08:50:00,2026-06-02 08:30:00,SELL,-1,2,1.0,4519.59,4526.92,4512.26,4490.27,-1.0,4.0,0.005457025920873179,FULL_LOSS,0,1.4152553498753637,1.0816502345170862,0.22448979591836046,0.7142857142855696,0.061224489796069884,0.22448979591836046,7.199999999999818,2.5628566585682804,7.329999999999927,7.329999999999927,4,1,0.015277777777732688,-0.0008908794284223642,0.00016154516847177725,0.0014912937693614126,0.000485158822202478,0.0005115727509373578,8,1,1,0
2026-06-03 03:35:00,2026-06-03 02:10:00,BUY,1,3,1.0,4491.55,4462.22,4520.88,4608.87,0.0,4.0,0.0013637913399249949,EXPIRED_BEFORE_TARGET,0,1.2910632285411727,0.8903452685421994,0.9480164158686609,0.8837209302325147,0.051983584131339036,0.06429548563614623,8.770000000000437,1.6948342788892206,29.329999999999927,29.329999999999927,17,0,0.9498289623716663,0.0028377883559136396,0.003332864230459087,0.005781809469000754,0.0007273485409053319,0.0006286748903471725,3,2,0,0
2026-06-03 16:15:00,2026-06-03 16:00:00,SELL,-1,2,1.0,4457.41,4465.97,4448.849999999999,4423.169999999998,0.7,4.0,0.004672897196261464,PARTIAL_WIN_BREAKEVEN,1,1.4954869358670015,1.1302455704072116,0.2566709021600451,0.6175349428209211,0.12579415501903374,0.2566709021600451,7.4099999999998545,1.5004188306248953,8.5600000000004,8.5600000000004,3,1,0.07962213225373241,-0.0013084635635467468,-0.0008719431555824775,0.00024908556425717876,0.000803020866938129,0.0008271407021138787,16,2,0,1
2026-06-04 03:20:00,2026-06-04 02:45:00,SELL,-1,2,1.0,4450.08,4465.18,4434.98,4389.6799999999985,-1.0,4.0,0.0026490066225164925,FULL_LOSS,0,1.3677443398863716,1.2058835447141294,0.19482288828341454,0.7234332425068521,0.0817438692097333,0.19482288828341454,11.159999999999854,1.847381740315359,15.100000000000364,15.100000000000364,7,1,0.31093189964160395,-0.0013980176423993296,-0.0021347206027447774,0.00015957315305303865,0.0006203630166644418,0.0007510001678226371,3,3,0,0
2026-06-09 03:55:00,2026-06-09 03:00:00,BUY,1,2,1.0,4319.89,4315.42,4324.360000000001,4337.770000000001,1.9,4.0,0.008948545861297029,FULL_TARGET,1,1.3859249490468182,1.1016981061033924,0.7733564013841612,0.69204152249138,0.22664359861583883,0.0813148788927812,4.219999999999345,2.7660159472092385,4.470000000000255,4.470000000000255,11,1,0.04739336492908972,0.000305656733594839,0.0007158080059304073,0.00047940859044626194,0.0004307506424563735,0.00046429597734315203,3,1,0,0
2026-06-10 02:50:00,2026-06-10 02:45:00,BUY,1,2,1.0,4220.84,4210.38,4231.3,4262.68,-1.0,4.0,0.0038240917782026637,FULL_LOSS,0,1.672328597899945,1.5947440224025273,0.9658356417359286,0.6999076638965815,0.03416435826407141,0.265927977839347,7.1799999999993815,1.9433167368824205,10.460000000000036,10.460000000000036,1,1,0.32729805013935465,-0.0002652796331561458,-0.0015588667346354557,-0.0033482722631771322,0.0010136285333949998,0.0008983976470639811,2,2,0,0
2026-06-10 10:50:00,2026-06-10 08:40:00,SELL,-1,3,1.0,4182.16,4221.87,4142.45,4023.3199999999997,0.0,4.0,0.0010073029463611171,EXPIRED_BEFORE_TARGET,0,1.5122639844715966,1.07935476886435,0.04900816802800962,0.9509918319719903,0.0,0.04900816802800962,5.559999999999491,1.678393788669174,39.710000000000036,39.710000000000036,26,0,2.0197841726621406,-0.0020330829364209047,-0.00405317228601787,-0.004764193823206142,0.0006744593139232037,0.0006945081777663594,10,2,1,0
2026-06-10 16:40:00,2026-06-10 15:35:00,BUY,1,3,1.0,4178.85,4132.91,4224.790000000001,4362.610000000002,-1.0,4.0,0.0008707009142359503,FULL_LOSS,0,1.2475665152498492,1.1237850200114352,1.0,0.8283485045514045,0.0,0.17165149544859554,16.970000000000255,1.3959011943539632,45.94000000000051,45.94000000000051,13,1,0.35120801414260144,0.007010043954349232,0.006617076731111116,0.004437084023372728,0.0023477818926908255,0.0016666452736883357,16,2,0,1
2026-06-12 10:55:00,2026-06-12 08:30:00,BUY,1,3,1.0,4194.25,4170.16,4218.34,4290.610000000001,0.7,4.0,0.0016604400166043902,PARTIAL_WIN_OPEN_AT_HORIZON,1,3.4508654638702994,1.5162037037037037,0.9957537154989423,0.9846072186836539,0.004246284501057677,0.01114649681528847,9.710000000000036,2.0782768174191286,24.090000000000146,24.090000000000146,29,0,0.670442842430504,0.0026726782004604654,0.004805722786936029,0.0023971014908392707,0.0010272258856745614,0.0007771854427053094,10,4,1,0
2026-06-12 18:20:00,2026-06-12 16:30:00,BUY,1,3,1.0,4227.98,4177.16,4278.799999999999,4431.259999999998,0.0,4.0,0.0007870916961826098,EXPIRED_BEFORE_TARGET,0,1.6541919691191953,0.8916884011613602,0.8497438816163705,0.7319294251565103,0.15025611838362954,0.11781445645986018,8.230000000000473,1.7208550386204418,50.81999999999971,50.81999999999971,22,0,2.749696233292576,0.0045905347545298625,0.004877051712909752,0.009722325047106795,0.0019337867387730905,0.001449048891675046,18,4,0,1
2026-06-16 03:55:00,2026-06-16 03:20:00,BUY,1,2,1.0,4319.19,4307.88,4330.499999999999,4364.429999999998,-1.0,0.0,0.0,FULL_LOSS,0,2.0948501600232854,1.364121110956554,0.7902777777777421,0.7902777777777421,0.20972222222225784,0.0,4.049999999999272,1.7604166666666667,11.30999999999949,11.30999999999949,7,1,1.7283950617287056,0.0018904951009499626,0.0025369870899154545,0.0008318657892296688,0.00044982370633805767,0.00048006714009809023,3,1,0,0
2026-06-17 21:40:00,2026-06-17 21:05:00,BUY,1,3,1.0,4323.6,4269.93,4377.27,4538.280000000001,-1.0,0.0,0.0,FULL_LOSS,0,1.8606200048437835,1.4980121754255187,0.8870810283111163,0.67783924503743,0.11291897168888365,0.20924178327368637,33.159999999999854,3.3531438845327872,53.67000000000007,53.67000000000007,7,0,0.13962605548854432,0.0072264232699217334,0.009130629621331154,-0.012066968131413502,0.005539739648143845,0.002860337228296418,21,2,0,1
2026-06-18 15:10:00,2026-06-18 14:10:00,BUY,1,2,1.0,4256.34,4240.47,4272.21,4319.82,0.7,0.0,0.0,PARTIAL_WIN_BREAKEVEN,1,3.030977930755273,1.2524461839530332,0.8784235136940763,0.8129592518369984,0.12157648630592371,0.0654642618570779,7.890000000000327,1.5612156295224313,15.86999999999989,15.86999999999989,12,1,0.9911280101393389,0.0033804809052333518,0.0030447139335725293,0.0021024577330657213,0.0005071083739488485,0.0006704043768147791,15,3,1,1
2026-06-22 15:50:00,2026-06-22 14:05:00,SELL,-1,1,0.5,4197.63,4215.34,4179.92,4126.79,0.7,0.0,0.0,PARTIAL_WIN_OPEN_AT_HORIZON,1,1.2145247242534292,1.0048856639010146,0.038775510204181254,0.9612244897958188,0.0,0.038775510204181254,6.069999999999709,2.068816273533867,17.710000000000036,17.710000000000036,21,0,1.9176276771006402,-0.001453467626446825,-0.003139508650272571,-0.001861865289409459,0.0005157173137371842,0.0005604802911693808,15,0,1,1
2026-06-23 16:20:00,2026-06-23 16:00:00,BUY,1,3,1.0,4116.53,4105.31,4127.749999999999,4161.409999999997,0.7,0.0,0.0,PARTIAL_WIN_OPEN_AT_HORIZON,1,1.8436160750383486,1.320434312766943,0.9842105263157634,0.8000000000000159,0.01578947368423656,0.1842105263157475,6.399999999999636,1.691727267756575,11.219999999999345,11.219999999999345,4,0,0.332812500000036,1.4575595109311834e-05,-0.000660314377617377,-0.0002865670481895233,0.0009276081193850105,0.0008761462041925944,16,1,0,1
2026-06-23 16:40:00,2026-06-23 16:35:00,BUY,1,2,1.0,4126.45,4118.15,4134.75,4159.650000000001,0.7,0.0,0.0,PARTIAL_WIN_BREAKEVEN,1,1.5401364494121936,1.2903963066233946,0.7822808671064775,0.7313854853911209,0.21771913289352246,0.050895381715356645,6.1899999999996,1.5803853555391887,8.300000000000182,8.300000000000182,1,1,0.3182552504039389,0.00253887269193398,0.003140854691712436,0.002098202685407946,0.0011863578337843075,0.0009352002949804759,16,1,0,1
2026-06-23 18:05:00,2026-06-23 16:45:00,SELL,-1,3,1.0,4123.55,4144.9,4102.200000000001,4038.1500000000024,0.0,0.0,0.0,EXPIRED_BEFORE_TARGET,0,1.511701454775406,0.8651516143820813,0.0,0.868619246861947,0.13138075313805295,0.0,10.350000000000364,1.4788275074456412,21.349999999999454,21.349999999999454,16,0,0.098550724637632,-0.0010320242453020212,-0.00017215209516374674,-0.004435141190558989,0.0009346404873016625,0.0009741166362651748,18,1,0,1
2026-06-24 02:45:00,2026-06-24 02:35:00,BUY,1,2,1.0,4095.69,4080.79,4110.59,4155.290000000001,0.7,0.0,0.0,PARTIAL_WIN_BREAKEVEN,1,2.3337200309359982,1.8165110637359407,0.8276719138359341,0.7705053852526682,0.1723280861640659,0.05716652858326588,14.61999999999989,1.9732507838234712,14.900000000000091,14.900000000000091,2,1,0.014363885088921884,0.00016605576054762317,-0.001087765081765224,-0.002501242096854317,0.0009280467292195626,0.0007011446074054632,2,2,0,0
2026-06-24 09:15:00,2026-06-24 09:10:00,SELL,-1,2,1.0,4087.22,4097.57,4076.87,4045.82,0.7,0.0,0.0,PARTIAL_WIN_BREAKEVEN,1,2.1400645928947237,1.3588049411088767,0.17791898332008235,0.7220015885624165,0.10007942811750117,0.17791898332008235,8.30999999999949,1.5519384433264278,10.349999999999909,10.349999999999909,1,1,0.19975932611316619,0.0022879479338580033,0.0030283100361236936,0.0053078974036067095,0.001232317575474511,0.0010254180155418859,9,2,1,0
2026-06-24 14:50:00,2026-06-24 14:15:00,BUY,1,1,0.5,4054.74,4037.6,4071.8799999999997,4123.299999999999,-1.0,0.0,0.0,FULL_LOSS,0,1.9396659187235017,1.255510829978915,0.8757497857754701,0.833761782347858,0.12425021422452989,0.041988003427612115,9.2800000000002,1.6286208628676675,17.139999999999873,17.139999999999873,7,0,0.8469827586206361,0.0011456507246734304,0.0020388040005041574,-0.0009707589659692095,0.0008480891851574892,0.0007881566556332796,14,2,1,1
2026-06-25 03:10:00,2026-06-25 03:00:00,SELL,-1,3,1.0,4005.51,4016.45,3994.5700000000006,3961.750000000002,0.7,0.0,0.0,PARTIAL_WIN_BREAKEVEN,1,2.4870775347911964,1.4653386454183266,0.12549960031975965,0.7657873701039255,0.10871302957631482,0.12549960031975965,5.25,1.879760609357998,10.9399999999996,10.9399999999996,2,0,0.6876190476189853,-0.0017321044944995645,-0.0022170132099111894,0.002623259399804345,0.0009645678656569407,0.0010537007081212013,3,3,0,0
2026-06-26 03:10:00,2026-06-26 03:00:00,BUY,1,2,1.0,4019.61,4012.04,4027.1800000000003,4049.890000000001,0.7,0.0,0.0,PARTIAL_WIN_BREAKEVEN,1,1.5980230642504436,1.7164876226062589,0.9755154639175194,0.6288659793814396,0.02448453608248057,0.34664948453607974,6.349999999999909,2.1907149649866,7.570000000000164,7.570000000000164,2,1,0.14960629921264354,0.0012429569921936778,-0.0011654200730562003,-0.0009767518155653354,0.0008943403337780614,0.0008876849274884165,3,4,0,0
2026-06-26 16:05:00,2026-06-26 15:55:00,SELL,-1,2,1.0,4044.95,4066.06,4023.8399999999997,3960.5099999999993,-1.0,0.0,0.0,FULL_LOSS,0,1.761280931586653,1.5482323438820291,0.15082644628099096,0.7592975206611717,0.08987603305783726,0.15082644628099096,15.4699999999998,1.845232749588385,21.110000000000127,21.110000000000127,2,1,0.06981254040080129,-0.00027187009552531727,0.00018297763963781577,-0.0007583954624730271,0.0012610135020918716,0.0009248277920027758,16,4,0,1
2026-06-29 08:40:00,2026-06-29 08:30:00,BUY,1,2,1.0,4050.61,4039.36,4061.86,4095.61,0.7,0.0,0.0,PARTIAL_WIN_OPEN_AT_HORIZON,1,1.7544222613013698,1.3903633612842015,0.8820754716981135,0.7759433962264048,0.11792452830188654,0.10613207547170861,10.069999999999709,2.157093930716973,11.25,11.25,2,1,0.02383316782524761,0.00030127994586837126,-0.0013461306141165919,-0.0015972039072340571,0.0005945396484537727,0.0007230056844284666,8,0,1,0
2026-06-29 09:00:00,2026-06-29 08:45:00,BUY,1,2,1.0,4058.79,4047.27,4070.31,4104.87,-1.0,0.0,0.0,FULL_LOSS,0,1.2283117598457947,1.2340732069695197,0.7638266068759471,0.6532137518684388,0.23617339312405297,0.11061285500750828,4.2400000000002365,1.5496804911665205,11.519999999999982,11.519999999999982,3,1,1.2900943396225224,0.0022421358566415694,0.0033000118652111166,0.0010062371908226009,0.0007968442372940184,0.0007613890398492194,9,0,1,0
2026-06-30 16:15:00,2026-06-30 15:25:00,BUY,1,3,1.0,4029.86,4008.69,4051.03,4114.540000000001,0.7,0.0,0.0,PARTIAL_WIN_BREAKEVEN,1,1.6398649990072949,1.2030318560677582,0.9430992736077708,0.7578692493947212,0.05690072639222922,0.18523002421304954,3.6799999999998363,1.530718954248366,21.170000000000073,21.170000000000073,10,1,3.1005434782610917,0.0033412673910229174,0.003651125722255566,0.0008593284323465955,0.0010599497646805683,0.0006580429031423021,16,1,0,1
2026-07-01 10:55:00,2026-07-01 08:40:00,BUY,1,3,1.0,3976.13,3959.93,3992.3300000000004,4040.930000000001,0.7,0.0,0.0,PARTIAL_WIN_OPEN_AT_HORIZON,1,1.4897917930058393,0.948856627763545,0.6824966078697795,0.6390773405698923,0.31750339213022055,0.04341926729988717,3.7199999999998,1.5552592098683113,16.200000000000273,16.200000000000273,27,0,0.14247311827963136,0.0012666515575030513,0.002974013328826519,0.0010649814950023373,0.001012126938627756,0.0007628572605087044,10,2,1,0
2026-07-02 09:15:00,2026-07-02 08:30:00,BUY,1,1,0.5,4074.74,4053.23,4096.25,4160.779999999999,0.0,0.0,0.0,EXPIRED_BEFORE_TARGET,0,1.6471333544504734,1.1573820395738204,0.9551282051281595,0.8025641025640535,0.04487179487184047,0.152564102564106,8.559999999999945,2.6053824248987283,21.509999999999764,21.51000000000022,9,0,1.512850467289708,0.0011449406399874906,0.003442705306395677,0.003942110112990838,0.0007493297608895104,0.0005994858548385445,9,3,1,0
2026-07-02 14:40:00,2026-07-02 14:00:00,BUY,1,3,1.0,4071.18,4057.45,4084.91,4126.1,1.9,0.0,0.0,FULL_TARGET,1,1.7739780924391506,1.0629335191461058,0.9141566265059978,0.6490963855421729,0.0858433734940022,0.2650602409638249,7.170000000000073,1.6563633920172018,13.730000000000018,13.730000000000018,8,0,0.5648535564853119,0.0013798803119857705,0.0019393104127185534,0.001589285362829429,0.0006639449045660155,0.0005724684998648363,14,3,1,1
2026-07-03 09:00:00,2026-07-03 08:30:00,SELL,-1,1,0.5,4164.89,4181.93,4147.85,4096.7300000000005,-1.0,0.0,0.0,FULL_LOSS,0,2.056181377441901,1.7628998712488857,0.033287101248362,0.8779472954230091,0.08876560332862894,0.033287101248362,7.480000000000473,2.4643917813200797,17.039999999999964,17.039999999999964,6,0,1.2780748663100114,-0.0015486593069390375,-0.003312011065562781,-0.003781663357810716,0.0006001389649000277,0.000531221467366871,9,4,1,0
2026-07-03 11:00:00,2026-07-03 09:10:00,BUY,1,2,1.0,4183.1,4160.48,4205.720000000001,4273.580000000004,0.0,0.0,0.0,EXPIRED_BEFORE_TARGET,0,1.65287301962641,1.1969865004397873,0.7725321888413039,0.7725321888413039,0.2274678111586961,0.0,8.390000000000327,1.5310788175109782,22.6200000000008,22.6200000000008,22,1,1.5148986889153206,0.000638690278272902,0.0015946595665210506,0.001942519622801564,0.0007241791713704705,0.0006997011753637,11,4,1,0
2026-07-06 10:40:00,2026-07-06 08:35:00,BUY,1,3,1.0,4163.62,4144.66,4182.58,4239.46,-1.0,0.0,0.0,FULL_LOSS,0,1.3504234378575062,1.142577168054875,0.8644067796609778,0.8610169491525831,0.13559322033902224,0.0033898305083946262,7.119999999999891,1.7232262818012394,18.960000000000036,18.960000000000036,25,1,0.43679775280894945,0.0025668438896593315,0.0030112355219795717,0.001852778686789014,0.0006140625868847844,0.0005978190048157913,10,0,1,0
2026-07-07 11:10:00,2026-07-07 08:30:00,BUY,1,2,1.0,4137.07,4116.64,4157.499999999999,4218.789999999997,0.0,0.0,0.0,EXPIRED_BEFORE_TARGET,0,2.3699568637401858,1.3412214566574079,0.7537473233404555,0.7301927194860388,0.24625267665954453,0.02355460385441662,8.479999999999563,2.3481926630191046,20.42999999999938,20.42999999999938,32,1,1.0011792452830446,0.002989279324272509,0.0016294058116279597,0.0018040400811696333,0.0005411664145144108,0.0005855287877264501,11,1,1,0
2026-07-08 04:45:00,2026-07-08 03:05:00,BUY,1,2,1.0,4110.22,4096.46,4123.9800000000005,4165.260000000001,0.7,0.0,0.0,PARTIAL_WIN_OPEN_AT_HORIZON,1,1.5648351648350638,1.0314044316913757,0.7443820224719362,0.6451310861423901,0.2556179775280638,0.09925093632954607,5.300000000000182,2.2949516364118194,13.760000000000218,13.760000000000218,20,1,1.3641509433962689,0.002967257678023305,0.0008010849953614674,-0.002775580712625403,0.0008096328181738694,0.0008887460994537957,4,2,0,0
2026-07-08 10:35:00,2026-07-08 08:30:00,SELL,-1,3,1.0,4120.17,4133.61,4106.7300000000005,4066.4100000000017,1.9,0.0,0.0,FULL_TARGET,1,1.4572989076464897,0.9873031995937024,0.3356047700170854,0.6541737649063402,0.010221465076574413,0.3356047700170854,7.100000000000364,1.7191097467382963,13.4399999999996,13.4399999999996,25,1,0.140845070422528,0.00010923072441815229,-0.00011405995185220785,-0.001478332731498555,0.0005171050639873422,0.0006026153941407737,10,2,1,0
2026-07-09 03:50:00,2026-07-09 03:00:00,SELL,-1,3,1.0,4070.6,4089.74,4051.46,3994.0400000000004,0.0,12.0,0.00626959247648907,EXPIRED_BEFORE_TARGET,0,1.7842845705134944,1.451715493695514,0.06282051282048703,0.866666666666725,0.070512820512788,0.06282051282048703,5.099999999999909,3.1571578578928947,19.139999999999873,19.139999999999873,10,1,1.0666666666666964,-0.0020911321776948544,-0.0016530385005911752,-0.0012390661612258214,0.0010447730966150989,0.0007216596244126604,3,3,0,0
2026-07-09 15:30:00,2026-07-09 13:50:00,BUY,1,2,1.0,4115.78,4093.69,4137.869999999999,4204.1399999999985,0.0,12.0,0.0054323223177909314,EXPIRED_BEFORE_TARGET,0,1.9046642747308875,0.9745896656534955,0.9730893433799783,0.9709364908503296,0.026910656620021633,0.0021528525296487227,6.800000000000182,1.6327248426013858,22.08999999999969,22.089999999999236,20,1,2.1544117647057712,0.0018987434213408871,0.0019694767618783082,0.0035159069186807557,0.0007739955830534977,0.0006237591311319308,15,3,1,1
2026-07-09 15:40:00,2026-07-09 15:35:00,SELL,-1,2,1.0,4113.11,4122.58,4103.639999999999,4075.2299999999987,-1.0,9.0,0.00950369588173153,FULL_LOSS,0,1.9390472433178607,1.1481178001638792,0.0366225839267218,0.787385554425305,0.17599186164797317,0.0366225839267218,6.979999999999563,1.4296216428151343,9.470000000000255,9.470000000000255,1,1,0.21776504298001886,0.001551108665267309,0.0001021229414324143,0.0016730634351620477,0.0010028476261223422,0.0006917485170844599,15,3,1,1
2026-07-10 09:15:00,2026-07-10 08:30:00,BUY,1,3,1.0,4119.75,4107.96,4131.54,4166.91,-1.0,8.0,0.006785411365564058,FULL_LOSS,0,1.8578255675030115,1.2775238015350416,0.9501607717041177,0.7299035369774562,0.049839228295882235,0.22025723472666153,5.220000000000255,2.94144,11.789999999999964,11.789999999999964,9,0,0.8429118773945252,0.0005585981614835145,0.001928586368080465,0.0006752538881749093,0.000639367755402259,0.0005605678378021931,9,4,1,0
2026-07-13 10:50:00,2026-07-13 09:00:00,BUY,1,2,1.0,4061.18,4043.64,4078.72,4131.34,0.7,10.0,0.005701254275940719,PARTIAL_WIN_BREAKEVEN,1,1.269770550233868,1.00260010400416,0.9070175438596111,0.692982456140341,0.09298245614038894,0.21403508771926996,7.650000000000091,1.6165977094201596,17.539999999999964,17.539999999999964,22,1,0.65751633986924,0.00025861240896229987,0.001015513697110615,0.0018032151993032652,0.0005776838950310364,0.0007379589371814811,10,0,1,0
2026-07-14 03:30:00,2026-07-14 03:00:00,BUY,1,3,1.0,4005.01,3985.68,4024.3400000000006,4082.3300000000017,0.0,7.0,0.0036213140196584906,EXPIRED_BEFORE_TARGET,0,2.5593694908223683,2.0183955033214103,0.8768233387358214,0.7876823338735932,0.1231766612641786,0.0891410048622282,11.9699999999998,4.156922880327136,19.330000000000382,19.330000000000382,6,1,0.0200501253133033,0.004323218239768112,0.0026813208822571433,0.0025558225693400605,0.0009319232829771871,0.0006051565859156304,3,1,0,0
2026-07-14 10:55:00,2026-07-14 08:30:00,SELL,-1,3,1.0,4020.69,4034.05,4007.33,3967.2499999999995,0.0,13.0,0.009730538922155597,EXPIRED_BEFORE_TARGET,0,1.5723094170404217,1.1361670223196263,0.0980392156863047,0.8074866310159791,0.09447415329771623,0.0980392156863047,7.690000000000055,2.639659044040145,13.360000000000127,13.360000000000127,29,1,0.22756827048114273,-0.0007356504666161667,-0.0013734967289417144,-0.0008051829927457899,0.0005700542074836199,0.0005533605707259958,10,1,1,0
2026-07-16 03:45:00,2026-07-16 03:05:00,BUY,1,2,1.0,4059.16,4053.95,4064.37,4080.0,-1.0,8.0,0.015355086372360738,FULL_LOSS,0,1.7799409003997473,1.4174124463297295,0.8554687499999507,0.8554687499999507,0.14453125000004927,0.0,3.3899999999998727,2.3250546072324245,5.210000000000036,5.210000000000036,8,1,0.30088495575221835,-0.0003718598162373299,0.0006113373497540486,0.00022669925879204023,0.0004212496004847745,0.0004837947251111161,3,3,0,0
2026-07-16 09:00:00,2026-07-16 08:35:00,BUY,1,3,1.0,4031.2,4025.37,4037.0299999999997,4054.5199999999995,-1.0,11.0,0.018867924528302122,FULL_LOSS,0,1.9739934200220348,1.8837141549090608,0.7031746031745569,0.6539682539682178,0.2968253968254431,0.04920634920633912,3.6099999999996726,2.5703120700093565,5.829999999999927,5.829999999999927,5,1,0.08587257617727799,0.0008888624050928939,0.00027046408162556546,-0.00018353447719965388,0.0005013245136577029,0.000514413920122528,9,3,1,0
2026-07-16 14:30:00,2026-07-16 14:15:00,BUY,1,3,1.0,4029.77,4021.14,4038.4,4064.2900000000004,0.7,18.0,0.020857473928157327,PARTIAL_WIN_BREAKEVEN,1,2.2467771639043157,1.389057325434955,0.9388971684053872,0.8122205663188955,0.061102831594612855,0.12667660208649167,2.799999999999727,1.6690834541727086,8.63000000000011,8.63000000000011,3,0,0.6928571428572299,0.0008543760695223224,0.00031028764906215756,-0.0009668614437968737,0.00030007863859953676,0.00045793450064631104,14,3,1,1
2026-07-16 15:20:00,2026-07-16 14:50:00,SELL,-1,3,1.0,4020.91,4043.27,3998.5499999999997,3931.4699999999993,0.7,7.0,0.003130590339892648,PARTIAL_WIN_OPEN_AT_HORIZON,1,1.4716666666667415,1.7175714109063929,0.07587768969422919,0.8788221970554794,0.045300113250291464,0.07587768969422919,11.139999999999873,2.378051273663982,22.360000000000127,22.360000000000127,6,1,0.7226211849192347,-0.0030472081721709676,-0.004626695712446782,-0.0010062211798378407,0.0011025764380429225,0.0006445630763399864,15,3,1,1
2026-07-20 11:10:00,2026-07-20 08:40:00,BUY,1,3,1.0,4023.93,4002.02,4045.8399999999997,4111.57,0.0,11.0,0.005020538566864479,EXPIRED_BEFORE_TARGET,0,1.351317906199715,0.9595650363694253,0.8663003663003639,0.7454212454211872,0.13369963369963614,0.12087912087917671,3.5399999999999636,1.7675681792463507,21.909999999999854,21.909999999999854,30,0,3.2033898305084203,0.0016902572476935607,0.0007261857095604007,0.004912268434117628,0.0009019571898802592,0.0006007071280230097,11,0,1,0
2026-07-21 14:00:00,2026-07-21 13:10:00,SELL,-1,3,1.0,4056.65,4070.09,4043.21,4002.89,0.0,9.0,0.006696428571428544,EXPIRED_BEFORE_TARGET,0,2.0828729281767697,1.276199760712545,0.06631299734748043,0.8249336870026299,0.10875331564988962,0.06631299734748043,7.559999999999945,2.0055523645414515,13.440000000000055,13.440000000000055,10,1,0.5542328042328154,-0.0015555123468792287,-0.002834191210811632,-0.0017987381765568466,0.0005820703597942661,0.0005275143914773322,14,1,1,1
2026-07-22 09:25:00,2026-07-22 08:30:00,SELL,-1,3,1.0,4117.32,4135.26,4099.379999999999,4045.5599999999977,0.0,9.0,0.005016722408026613,EXPIRED_BEFORE_TARGET,0,3.2090490155005007,1.6038950840270143,0.30635335073973835,0.6701479547433311,0.023498694516930565,0.30635335073973835,5.829999999999927,2.2222222222222223,17.94000000000051,17.94000000000051,11,0,0.9656946826758456,-0.0030195239951669173,-0.003306721407510982,-0.0015447329939932697,0.0007335325100722904,0.0005849619357997692,9,2,1,0
2026-07-22 15:45:00,2026-07-22 15:20:00,SELL,-1,3,1.0,4118.79,4134.34,4103.24,4056.5899999999992,-1.0,8.0,0.005144694533761998,FULL_LOSS,0,2.2736572890026467,1.277015907844213,0.008998875140598907,0.9460067491563042,0.04499437570309685,0.008998875140598907,4.569999999999709,1.555128649261487,15.550000000000182,15.550000000000182,5,0,1.4726477024071996,-0.002119906772557023,-0.0017256799106136755,-0.00035434743037432437,0.0006713901722255175,0.00048458011030195407,15,2,1,1
2026-07-23 04:35:00,2026-07-23 04:00:00,SELL,-1,2,1.0,4123.09,4139.26,4106.92,4058.41,0.0,8.0,0.004947433518862068,EXPIRED_BEFORE_TARGET,0,2.241237113401976,1.610855870790508,0.019319227230914303,0.9328426862925041,0.04783808647658158,0.019319227230914303,9.180000000000291,2.4906417112299466,16.170000000000073,16.170000000000073,7,1,0.7287581699345739,-0.003530947144548824,-0.0025715336307249315,-0.001283793440057801,0.00047161121830791995,0.0007352913051011488,4,3,0,0
2026-07-23 10:35:00,2026-07-23 08:40:00,SELL,-1,2,1.0,4100.73,4128.17,4073.289999999999,3990.9699999999975,0.0,7.0,0.0025510204081632183,EXPIRED_BEFORE_TARGET,0,1.379848417298357,0.9261010092126382,0.21324717285938616,0.7318255250404333,0.05492730210018054,0.21324717285938616,3.180000000000291,1.5190040181806206,27.44000000000051,27.44000000000051,23,1,7.496855345911309,-0.0012032140917318523,-0.002367131659230415,-0.004865583700173315,0.0006321676147621613,0.0005273629665027111,10,3,1,0
2026-07-24 09:15:00,2026-07-24 08:35:00,BUY,1,3,1.0,4033.93,4021.82,4046.0399999999995,4082.3699999999985,0.7,7.0,0.005780346820809405,PARTIAL_WIN_OPEN_AT_HORIZON,1,1.3243787777031157,1.4426685198054203,0.9817444219066636,0.6064908722109292,0.018255578093336413,0.3752535496957344,6.639999999999873,2.1296237748972495,12.109999999999673,12.109999999999673,8,0,0.36746987951808757,0.0021837749742865675,0.0014647358634369834,0.0024004353584625715,0.0008492647442604058,0.000750510626078063,9,4,1,0
2026-07-27 08:55:00,2026-07-27 08:40:00,BUY,1,3,1.0,4093.11,4084.36,4101.860000000001,4128.110000000001,0.7,8.0,0.009142857142857144,PARTIAL_WIN_BREAKEVEN,1,2.147419299154089,1.4776581625129037,0.9180064308682025,0.6848874598071311,0.08199356913179742,0.2331189710610715,2.850000000000364,1.8716512911412801,8.75,8.750000000000455,3,0,1.2491228070173652,0.001242652328872218,0.0014876328287289908,0.0006943306921058934,0.0005000832846699154,0.0004520436124574226,8,0,1,0
2026-07-27 10:55:00,2026-07-27 09:10:00,SELL,-1,3,1.0,4088.59,4106.01,4071.17,4018.91,0.0,8.0,0.004592422502870245,EXPIRED_BEFORE_TARGET,0,1.9282579082790998,0.9773627617430674,0.026687598116181425,0.8618524332809853,0.11145996860283337,0.026687598116181425,3.4200000000000728,1.4420711974110032,17.420000000000073,17.420000000000073,21,1,1.274853801169468,-0.002106306227149135,-0.0035363505642076465,-0.0018261406665411872,0.0005681498293096681,0.0004419963870280526,10,0,1,0
2026-07-29 03:15:00,2026-07-29 02:45:00,BUY,1,3,1.0,4025.24,4017.6,4032.8799999999997,4055.7999999999993,-1.0,8.0,0.01047120418848185,FULL_LOSS,0,1.4303208425178027,1.2700047827526582,0.8202054794520282,0.8030821917807334,0.17979452054797188,0.017123287671294743,4.360000000000127,3.962480857580398,7.639999999999873,7.639999999999873,6,1,0.44724770642196354,0.0008428956823351985,0.0007234612774187354,0.002210957185112772,0.0007332482142504644,0.00055517787846597,3,2,0,0
2026-07-29 05:20:00,2026-07-29 03:25:00,BUY,1,3,1.0,4033.21,4010.12,4056.3,4125.570000000001,0.0,8.0,0.003464703334776938,EXPIRED_BEFORE_TARGET,0,1.7315329626687406,0.8712002507051081,0.7477064220183637,0.6811926605504806,0.2522935779816363,0.06651376146788308,4.440000000000055,1.2491513917175832,23.090000000000146,23.090000000000146,23,1,1.463963963963946,0.0020024098480802,0.0025030200291316085,0.004522982279174581,0.0007508446453140534,0.000789511683004036,5,2,0,0
2026-07-31 09:05:00,2026-07-31 08:30:00,BUY,1,3,1.0,4081.89,4072.75,4091.0299999999997,4118.449999999999,-1.0,8.0,0.008752735229759423,FULL_LOSS,0,1.6319504217593905,1.435576298221776,0.8924050632910986,0.8354430379746496,0.10759493670890144,0.05696202531644902,2.9200000000000728,2.295805739514349,9.139999999999873,9.139999999999873,7,1,0.09589041095881451,0.0015703633182757581,0.0005711400249046594,8.575194656912366e-05,0.00045774889934193334,0.0004973143705917702,9,4,1,0
2026-07-31 16:20:00,2026-07-31 16:00:00,BUY,1,3,1.0,4045.25,4034.58,4055.92,4087.9300000000003,-1.0,7.0,0.006560449859418887,FULL_LOSS,0,2.5104887175417065,1.6520222250936814,0.8590785907859149,0.6910569105691037,0.14092140921408514,0.1680216802168112,6.429999999999836,2.364059212226365,10.670000000000073,10.670000000000073,4,1,0.40590979782273623,0.0021602713221504644,-2.7191646726154595e-05,-0.0013306539213555624,0.0007100057191848337,0.0005702485490099238,16,4,0,1
2026-07-31 18:50:00,2026-07-31 16:30:00,BUY,1,3,1.0,4045.36,4020.94,4069.78,4143.040000000001,0.0,8.0,0.0032760032760032662,EXPIRED_BEFORE_TARGET,0,1.2254086326711022,0.8054936896807721,0.8865814696485604,0.8146964856229603,0.11341853035143956,0.07188498402560019,8.5,1.9683129174278953,24.420000000000073,24.420000000000073,28,0,0.19647058823530267,0.0007743250631457865,0.0006257992544826951,-0.00020513124692611573,0.0006094945502376741,0.0008327196145919464,18,4,0,1
2026-08-03 08:40:00,2026-08-03 08:30:00,BUY,1,2,1.0,4063.37,4055.04,4071.7,4096.69,0.7,8.0,0.00960384153661473,PARTIAL_WIN_BREAKEVEN,1,2.603568657874289,1.3782506818269118,0.8557806912991591,0.7437425506555276,0.14421930870084085,0.11203814064363156,4.880000000000109,1.7669126437729317,8.329999999999927,8.329999999999927,2,1,0.5532786885245405,0.0007487076173611218,0.0014590444737458963,-0.001781055465752135,0.0005340635390492995,0.0006214096870715047,8,0,1,0
2026-08-03 15:10:00,2026-08-03 14:50:00,SELL,-1,2,1.0,4055.88,4064.65,4047.11,4020.8,1.9,7.0,0.007981755986317007,FULL_TARGET,1,1.5711434274309481,1.2269859246076686,0.20689655172418916,0.7404718693284511,0.05263157894735973,0.20689655172418916,3.9600000000000364,1.5537751881524642,8.769999999999982,8.769999999999982,4,1,0.8232323232322559,-0.0016270809281990761,0.0005723364153977784,0.0015087276561385199,0.0006078707613183757,0.0005822767235296156,15,0,1,1
2026-08-04 03:55:00,2026-08-04 03:00:00,SELL,-1,3,1.0,4049.14,4069.1,4029.18,3969.2999999999997,0.0,13.0,0.006513026052104197,EXPIRED_BEFORE_TARGET,0,2.062343034421659,1.6034508403986314,0.07879656160454523,0.8724928366762363,0.04871060171921843,0.07879656160454523,10.400000000000091,4.651656754460492,19.960000000000036,19.960000000000036,11,0,0.37692307692308064,-0.001770077311454843,-0.002434085074722536,-0.0011593945493656443,0.0008432486321133264,0.0005074359609555062,3,1,0,0
2026-08-04 15:30:00,2026-08-04 13:50:00,BUY,1,2,1.0,4076.25,4052.23,4100.27,4172.33,0.0,8.0,0.003330557868442967,EXPIRED_BEFORE_TARGET,0,1.527550463720693,0.9737923290887285,0.988095238095249,0.988095238095249,0.01190476190475095,0.0,4.900000000000091,1.796227063727386,24.019999999999982,24.020000000000437,20,1,3.6816326530611487,0.0025948791106082947,0.001936893645366533,0.003436485332164896,0.0009583174546805307,0.0006328490650970755,15,1,1,1
2026-08-06 12:40:00,2026-08-06 11:50:00,SELL,-1,3,1.0,4271.72,4284.67,4258.77,4219.920000000001,0.7,8.0,0.006177606177606264,PARTIAL_WIN_OPEN_AT_HORIZON,1,1.5421386262080508,1.0481383564661821,0.0,0.973045822102328,0.02695417789767192,0.0,4.6899999999996,1.5902677619614973,12.949999999999818,12.949999999999818,10,0,0.18550106609807357,-0.002719821075461537,-0.0018995992850217025,-0.00034868401038090635,0.0005745342704053972,0.0006294010424057134,12,3,1,0
2026-08-06 16:40:00,2026-08-06 16:05:00,BUY,1,2,1.0,4270.38,4230.62,4310.14,4429.420000000001,-1.0,7.0,0.0017605633802816806,FULL_LOSS,0,1.9776331585264944,1.1485716531101418,0.7591054313099288,0.7367412140575088,0.24089456869007123,0.02236421725241993,22.090000000000146,1.482716306637957,39.76000000000022,39.76000000000022,7,1,0.7967406066093367,0.005360661642665132,0.007573827118548149,0.0007921256151863787,0.0019687075091872354,0.0011527938108314782,16,3,0,1
2026-08-06 22:50:00,2026-08-06 22:25:00,BUY,1,3,1.0,4247.12,4232.95,4261.29,4303.8,-1.0,8.0,0.005645730416372589,FULL_LOSS,0,3.5193362772646575,1.646619252073023,0.7307984790874478,0.7178707224334495,0.26920152091255223,0.012927756653998286,6.5900000000001455,1.850828729281768,14.170000000000073,14.170000000000073,5,0,0.8057663125947456,0.002518618182676624,0.001653258995639284,0.0012801501288401962,0.0006843450755502975,0.0008192447676237574,22,3,0,0
2026-08-07 03:10:00,2026-08-07 02:50:00,SELL,-1,2,1.0,4244.76,4252.71,4236.81,4212.960000000001,0.7,9.0,0.011320754716981392,PARTIAL_WIN_BREAKEVEN,1,2.274389070617597,1.8559740546915309,0.24027072758039048,0.7411167512690723,0.018612521150537274,0.24027072758039048,3.7700000000004366,3.3857661423385763,7.949999999999818,7.949999999999818,4,1,0.9469496021218291,-0.0017215104137268122,-0.00038856351600524697,-8.715869714237545e-05,0.0003733505751953969,0.000710941914642796,3,4,0,0
2026-08-10 02:55:00,2026-08-07 22:05:00,SELL,-1,3,1.0,4332.65,4350.33,4314.969999999999,4261.9299999999985,0.7,15.0,0.008484162895927462,PARTIAL_WIN_OPEN_AT_HORIZON,1,2.563272513243128,1.59816343649287,0.09414466130880661,0.8587830080367901,0.047072330654403305,0.09414466130880661,5.039999999999964,1.7916278510683055,17.68000000000029,17.68000000000029,34,1,1.4424603174604145,-0.0021487892620417615,-0.003106197439112779,-0.001964903551569086,0.0005907314321448934,0.0006089410566187789,2,0,0,0
2026-08-11 18:30:00,2026-08-11 16:35:00,SELL,-1,2,1.0,4377.74,4404.01,4351.469999999999,4272.659999999998,0.0,7.0,0.002664636467453325,EXPIRED_BEFORE_TARGET,0,1.6365767878076258,1.0931669227633354,0.11652340019096671,0.8605539637059009,0.022922636103132447,0.11652340019096671,10.989999999999782,1.498031951840704,26.270000000000437,26.270000000000437,23,1,1.007279344859039,-0.0019287766175732912,-0.004312325152955654,-0.00290400388111578,0.0008158095149342217,0.0008506419741209547,18,1,0,1
2026-08-12 02:15:00,2026-08-12 02:00:00,BUY,1,2,1.0,4370.88,4362.39,4379.37,4404.839999999999,0.7,17.0,0.02002355712603114,PARTIAL_WIN_OPEN_AT_HORIZON,1,1.5554041780198753,1.039920443244779,0.8437956204379863,0.6583941605840259,0.15620437956201375,0.18540145985396034,6.349999999999454,1.6625879473845213,8.489999999999782,8.489999999999782,3,1,0.21889763779534596,0.0014526158541334766,-0.0009143107925245753,-0.0008343753500374973,0.00048460606035158425,0.0005827090734132318,2,2,0,0
2026-08-12 09:45:00,2026-08-12 08:30:00,BUY,1,3,1.0,4399.91,4383.82,4416.0,4464.27,0.7,8.0,0.004972032318210024,PARTIAL_WIN_OPEN_AT_HORIZON,1,1.3771794305894283,1.339299256787502,0.8830128205127576,0.878205128204961,0.11698717948724231,0.004807692307796717,7.9399999999996,2.766599597585513,16.090000000000146,16.090000000000146,15,0,0.36272040302270203,0.002419525709169257,0.002476623589668714,0.0033933633293272703,0.0005259608621038461,0.0005402315241008842,9,2,1,0
2026-08-12 13:45:00,2026-08-12 12:20:00,SELL,-1,1,0.5,4409.38,4424.15,4394.610000000001,4350.300000000002,-1.0,8.0,0.005416384563304168,FULL_LOSS,0,2.056823700825736,1.147321282646357,0.253837072018947,0.6269185360093661,0.11924439197168689,0.253837072018947,10.699999999999818,1.9028772707484072,14.769999999999527,14.769999999999527,17,0,0.3803738317756802,-0.0017274128879037898,-0.0022605031938941478,-0.0007818112186510628,0.00047518562199819176,0.0006424882530519546,13,2,1,1
2026-08-14 08:45:00,2026-08-14 08:30:00,BUY,1,1,0.5,4323.9,4310.93,4336.869999999999,4375.779999999997,0.7,14.0,0.010794140323824756,PARTIAL_WIN_OPEN_AT_HORIZON,1,2.105263157894633,1.7103525551242547,0.9572271386430716,0.9159292035398627,0.04277286135692839,0.04129793510320883,7.420000000000073,2.5084680150972614,12.969999999999345,12.969999999999345,3,0,0.7479784366575766,0.0016586590806950685,0.001162338384025352,-0.00013412017167380164,0.0006596894685223597,0.0005690078571718323,8,4,1,0
2026-08-17 03:10:00,2026-08-14 22:55:00,BUY,1,3,1.0,4378.82,4276.43,4481.209999999999,4788.379999999997,0.0,8.0,0.0007813263013966253,EXPIRED_BEFORE_TARGET,0,1.8810126582278786,1.3702841173730786,0.9138627187079,0.905787348586716,0.08613728129209991,0.008075370121184096,4.900000000000546,2.053111696736266,102.38999999999942,102.38999999999942,27,0,0.11428571428559761,0.0019609862136031886,0.0024128489931964925,-0.00022375450933842522,0.0006106600771514663,0.0005553722549579257,3,0,0,0
